Id,Y
2604,0.060649618913821486
2605,0.07161698559619871
2606,0.02107811968431208
2607,0.014042754826500893
2608,0.7825794712246715
2609,0.37405376853500344
2610,0.08865945457964203
2611,0.04223965573284278
2612,0.40618039354108865
2613,0.02425228270606113
2614,0.2797284964277118
2615,0.8966712690120782
2616,0.36518123458382984
2617,0.7240888976050806
2618,0.008340572240626095
2619,0.7808361066609356
2620,0.005683620700945304
2621,0.3073618393619988
2622,0.05909147248443253
2623,0.08126771717278737
2624,0.06591996273658185
2625,0.06089894800867023
2626,0.046174972369172444
2627,0.5482298035831015
2628,0.0822514257502241
2629,0.061181695572494726
2630,0.020239000261600543
2631,0.1878655410996804
2632,0.08964427823643778
2633,0.0566234834952688
2634,0.37426131390239126
2635,0.023423603266989813
2636,0.00287749904664808
2637,0.0379821075570505
2638,0.061704482098227875
2639,0.05038727102673915
2640,0.7753573563430282
2641,0.0338260194956825
2642,0.06422410737505142
2643,0.06267448135226703
2644,0.3580863642235901
2645,0.883894441349376
2646,0.004323352120158936
2647,0.05823135450766563
2648,0.9389920278959312
2649,0.23006616148530087
2650,0.1913372791579825
2651,0.020786220725526154
2652,0.0719537310042894
2653,0.4592279109476027
2654,0.9466889680262629
2655,0.056531040181765274
2656,0.14476358854067922
2657,0.8771197622447
2658,0.7132043022416402
2659,0.37715161633787464
2660,0.06554810596169937
2661,0.0632698793700187
2662,0.42621701400985745
2663,0.42672661598142636
2664,0.4695393959437933
2665,0.11387144474614878
2666,0.09339576901095543
2667,0.4153914487819057
2668,0.05718978396279733
2669,0.05838910336822256
2670,0.003969910597726508
2671,0.06033244147782205
2672,0.05542922819012336
2673,0.21255814844160323
2674,0.053843205291218714
2675,0.35806787325406964
2676,0.782552084959041
2677,0.048535057744416826
2678,0.017054859619083595
2679,0.11542516298448319
2680,0.1803744492735512
2681,0.052618662174010344
2682,0.3532965100071884
2683,0.06557860914653552
2684,0.2705334050561106
2685,0.3808615517164528
2686,0.06066948867555222
2687,0.027621341916456668
2688,0.7995147857730025
2689,0.053019295392706334
2690,0.007479031308161042
2691,0.4214994076434455
2692,0.8049802597293235
2693,0.05920098908622757
2694,0.0021160732393983076
2695,0.647682293750443
2696,0.0035600419035240628
2697,0.04115944842557992
2698,0.15214762573929658
2699,0.06485045508813371
2700,0.36933333336792823
2701,0.3331507740667629
2702,0.07333361098678774
2703,0.05735924165485116
2704,0.024909381080217865
2705,0.055249779622416506
2706,0.05133441789155375
2707,0.041373077176513624
2708,0.33678379667758496
2709,0.1393328699147054
2710,0.04225743824233127
2711,0.26745392400725554
2712,0.04725456348947899
2713,0.07091220530253556
2714,0.82314951529996
2715,0.39757580052548963
2716,0.7320048869616524
2717,0.06393827424716891
2718,0.1240781258750396
2719,0.2612615210219628
2720,0.05470649883641647
2721,0.7684355878468846
2722,0.004680714351901927
2723,0.061744333403435554
2724,0.20328435428050304
2725,0.20436563848786227
2726,0.7702188993334393
2727,0.3881942517797898
2728,0.0988222304767327
2729,0.596008198779045
2730,0.3383912065716326
2731,0.10173591113599535
2732,0.06444627242813401
2733,0.0513848310275106
2734,0.10820276173801896
2735,0.04060343743923129
2736,0.3667916618954484
2737,0.048303176574393744
2738,0.06458354272615509
2739,0.08288574525160061
2740,0.9353313603828947
2741,0.03834921539389752
2742,0.06290847535016912
2743,0.003232598404187924
2744,0.026106581657687557
2745,0.6904014282043388
2746,0.0041600299493359015
2747,0.14996415195225124
2748,0.04630546967966973
2749,0.08388727237627094
2750,0.45082528574837977
2751,0.07349444504678661
2752,0.05703261381711263
2753,0.05235885520484263
2754,0.9552722594857256
2755,0.058291862020453486
2756,0.9344708495305079
2757,0.7353953456438792
2758,0.13522945436200093
2759,0.004474451836078257
2760,0.09086737664200317
2761,0.2941237702316404
2762,0.041185108329346694
2763,0.25314178744176347
2764,0.057326923152453836
2765,0.9689956303485961
2766,0.5747710021014834
2767,0.07307575589442293
2768,0.07988584389934757
2769,0.15599209426665797
2770,0.4170643729204459
2771,0.09472899835463021
2772,0.002979274631209164
2773,0.1829773608251564
2774,0.08392832648292824
2775,0.06276620343759355
2776,0.4184114327230819
2777,0.09307117564861835
2778,0.05383688108905905
2779,0.7813765088539928
2780,0.19719523050540833
2781,0.03678344408019729
2782,0.1386021849318792
2783,0.754089028765716
2784,0.004024586393938401
2785,0.19543652591652302
2786,0.19192488307531677
2787,0.07599860453762008
2788,0.7248927738391777
2789,0.8772799587857587
2790,0.04485395555923819
2791,0.054134522091804166
2792,0.08888697236186832
2793,0.07085286904239108
2794,0.16654711660896443
2795,0.056863843508020144
2796,0.17770856591377696
2797,0.011723766793444957
2798,0.1554057779388567
2799,0.012222434312873925
2800,0.4093487500192551
2801,0.3946741522143145
2802,0.17335875531528902
2803,0.4191064919427818
2804,0.31236931689434627
2805,0.37963506342047915
2806,0.4090924966680464
2807,0.16112378059700966
2808,0.0749439874524792
2809,0.3583347086535334
2810,0.06584728316694136
2811,0.33220166901831194
2812,0.005978336515715393
2813,0.19663044558052958
2814,0.15966423742645322
2815,0.23463497007015705
2816,0.05472106032001285
2817,0.06566599327511748
2818,0.37262654249445487
2819,0.07333119157777615
2820,0.12633509424074407
2821,0.06010746106733586
2822,0.08273332978966895
2823,0.08871667060604856
2824,0.004795424153119224
2825,0.10203291687438057
2826,0.149888571512551
2827,0.1633200901918857
2828,0.42387418072672
2829,0.7551157237551361
2830,0.06339822398470857
2831,0.05219584804965937
2832,0.1672041917700714
2833,0.040207332559061504
2834,0.014091074472677597
2835,0.015419811312344475
2836,0.41979006282870124
2837,0.048327914287022704
2838,0.39033686431704795
2839,0.19665759869366983
2840,0.007453251014039546
2841,0.17717735428852666
2842,0.3256654316482847
2843,0.34676353241129243
2844,0.03785948497302901
2845,0.042640023331487316
2846,0.03311757765953554
2847,0.03013127021558599
2848,0.005808629668053367
2849,0.12617317923453483
2850,0.8294652473017544
2851,0.18250882176626743
2852,0.15606138516802828
2853,0.012228502671847762
2854,0.20549519947858444
2855,0.6997106578695996
2856,0.13336021815799085
2857,0.3222176426747258
2858,0.6222149650152912
2859,0.29375554580437147
2860,0.0028359201354059
2861,0.33659692611956116
2862,0.0037865324660841916
2863,0.05492940923480494
2864,0.03528961086046323
2865,0.07415644043855964
2866,0.3721731762859585
2867,0.026839801707127256
2868,0.0021860027628836077
2869,0.1465035512529911
2870,0.17641443288382636
2871,0.07740678684504469
2872,0.053454501230993705
2873,0.061450393869515604
2874,0.05787707442151064
2875,0.005684224465309879
2876,0.15776216002822957
2877,0.06004283733339697
2878,0.3536970915067674
2879,0.07480078398832671
2880,0.4859048545384346
2881,0.05040975214126506
2882,0.02700251427550402
2883,0.14238041754469458
2884,0.07248735637467857
2885,0.15506811120520644
2886,0.06287863294961644
2887,0.03885659980379011
2888,0.044366765402233145
2889,0.1066846157056794
2890,0.05421872687842127
2891,0.04489318524173173
2892,0.06462557384510947
2893,0.03458560077204679
2894,0.48444184488721226
2895,0.1388650770798927
2896,0.20460193833169674
2897,0.8027099814306395
2898,0.4334855085387103
2899,0.06385445694888396
2900,0.024896365164917195
2901,0.3895618798490458
2902,0.04557870581222061
2903,0.3619265842034016
2904,0.07462877317039715
2905,0.10190129544940149
2906,0.10706922508421972
2907,0.05889512980251984
2908,0.34334037753921504
2909,0.5412326617910443
2910,0.04995320619882289
2911,0.08720935055391252
2912,0.05660504727598383
2913,0.038112934153294774
2914,0.004095845476771659
2915,0.12545624581605783
2916,0.198417910230018
2917,0.32805388716236344
2918,0.010853497947321636
2919,0.07448042147314729
2920,0.06405997389603499
2921,0.07736202851310602
2922,0.3218568162702597
2923,0.07309248937768868
2924,0.06397532922834903
2925,0.4861982782544045
2926,0.006219049521910466
2927,0.005404652597604553
2928,0.44325028043796905
2929,0.061966183979457516
2930,0.06321364492777479
2931,0.18752966915817199
2932,0.4332511173941543
2933,0.06267928943244791
2934,0.21043304436670135
2935,0.19358726293452658
2936,0.0034968826428658753
2937,0.06754210924717251
2938,0.21782947484412463
2939,0.054529655140173765
2940,0.37693640081909524
2941,0.06103860505104791
2942,0.06672554918685963
2943,0.05944551602269608
2944,0.010881263931976142
2945,0.4157091425063287
2946,0.05067294861057845
2947,0.9718976105660031
2948,0.038153750724350725
2949,0.2760048280991606
2950,0.010497220148589802
2951,0.07777507337561967
2952,0.07052688533773603
2953,0.09845342221642861
2954,0.20332071946353722
2955,0.2993498456223029
2956,0.4010931522446691
2957,0.4449259749415212
2958,0.16344174896457533
2959,0.07193368067180127
2960,0.006716836401197502
2961,0.14032721315348543
2962,0.35124687299622126
2963,0.04001073447123365
2964,0.08200274620059263
2965,0.6193310787792046
2966,0.3686997656022957
2967,0.216337316613516
2968,0.12245260388027693
2969,0.16405071017801018
2970,0.15935701049199805
2971,0.4089678025695427
2972,0.40897626865779646
2973,0.5121035040191225
2974,0.08341732676808943
2975,0.06122525043047173
2976,0.008865166091078614
2977,0.3010478984884235
2978,0.12638685137811811
2979,0.006328276471329892
2980,0.24540079302070406
2981,0.2981156168368553
2982,0.32082399766998293
2983,0.0312237329956113
2984,0.0568627991844118
2985,0.45011760238407506
2986,0.515245172638369
2987,0.07869131878442123
2988,0.060537578505534144
2989,0.06465682139267301
2990,0.07158523589079684
2991,0.06169394216014155
2992,0.007496963336519848
2993,0.04053525425339881
2994,0.006060991279955429
2995,0.7671696310607665
2996,0.9379137514720783
2997,0.15176636562002016
2998,0.34035521050638656
2999,0.36647446295514646
3000,0.06210583242194325
3001,0.19401988377147503
3002,0.02812911980107156
3003,0.04350955483682005
3004,0.06679196141878593
3005,0.11234410607130055
3006,0.03679690040750779
3007,0.38022800418456404
3008,0.05614882842305474
3009,0.1525072081238201
3010,0.06103151213910218
3011,0.467220318548977
3012,0.37075154813508154
3013,0.06524307052964684
3014,0.03061254704642777
3015,0.06467134504655438
3016,0.4624535674755343
3017,0.07188411907273498
3018,0.04018741979268375
3019,0.04677067674683666
3020,0.38790981419609794
3021,0.8365068642531251
3022,0.03990569534595014
3023,0.13346873465576728
3024,0.05837971617081855
3025,0.0981293051453352
3026,0.06675317691445636
3027,0.013361713663298856
3028,0.12504981743158583
3029,0.2246248015522885
3030,0.3318116156764682
3031,0.711949790199924
3032,0.06549074898627943
3033,0.008328770175860884
3034,0.4544423928757197
3035,0.07701284918882376
3036,0.3551431846242847
3037,0.4281171760582358
3038,0.032386353589777844
3039,0.08677175642903676
3040,0.16801030652981777
3041,0.05753854609037687
3042,0.00681677039271731
3043,0.34545253425254524
3044,0.009749227142081542
3045,0.47524975023075516
3046,0.7169012622177872
3047,0.3302798371883537
3048,0.029516465164809394
3049,0.4704834745698078
3050,0.2702372677762215
3051,0.5862949369480955
3052,0.005647777596803934
3053,0.4403311651514063
3054,0.42821318850735646
3055,0.9504314228483224
3056,0.4192911709722481
3057,0.8031564144533724
3058,0.06823419191299984
3059,0.005856918126137841
3060,0.08697580392567221
3061,0.1465888501547903
3062,0.1170437436947617
3063,0.033084166797667
3064,0.04630151892031564
3065,0.039959631042622235
3066,0.061454188899918466
3067,0.0568295885455101
3068,0.2878012520728161
3069,0.03203211337674459
3070,0.09691663856132061
3071,0.3954264405617487
3072,0.4721665615743304
3073,0.23406208406870843
3074,0.4602018075552124
3075,0.382370266542015
3076,0.2151746278107403
3077,0.11171012313366895
3078,0.029194032409343117
3079,0.029012319818250407
3080,0.05296722348881054
3081,0.05176595919151856
3082,0.28763760015171475
3083,0.0846064903658691
3084,0.4479192290967266
3085,0.011463717928130186
3086,0.0018199795754877451
3087,0.3816224185792423
3088,0.0038617638964163837
3089,0.2012024677358077
3090,0.19128853693729495
3091,0.13765014567144354
3092,0.05044135542349943
3093,0.19742804837759934
3094,0.4438677710779915
3095,0.04778478616287115
3096,0.4025130846461871
3097,0.29656771410724014
3098,0.202195653759734
3099,0.0043391944005561345
3100,0.05832416716075401
3101,0.6410573351830158
3102,0.07571180933208584
3103,0.1417986114000586
3104,0.0708429273832234
3105,0.38736401188990344
3106,0.09723510218780997
3107,0.6784155230109532
3108,0.058422957741616474
3109,0.06417025626038117
3110,0.06121415182612682
3111,0.4048292175204867
3112,0.04496446381154496
3113,0.0266552620649578
3114,0.0521289200071797
3115,0.05247539759811763
3116,0.04318652122501422
3117,0.23719528040022828
3118,0.03311999393771332
3119,0.4050407406018907
3120,0.04456671353215453
3121,0.061613488397666484
3122,0.004786675513195111
3123,0.0035402033661528012
3124,0.008147256245180848
3125,0.2209971661772173
3126,0.01086771862770681
3127,0.5589701986150802
3128,0.5087185534369298
3129,0.05712700658042691
3130,0.4868478900805237
3131,0.028192447961721084
3132,0.06558384341016267
3133,0.16343093223717994
3134,0.19518787975499519
3135,0.050800029608172766
3136,0.050181611370869704
3137,0.08609943274343868
3138,0.0032426919281819105
3139,0.01656004032597236
3140,0.03184589359240602
3141,0.34587305494557746
3142,0.00736193290719374
3143,0.7033273420161866
3144,0.054917312369176824
3145,0.3371014783644772
3146,0.18445729295580748
3147,0.04985207261974071
3148,0.08899084605314239
3149,0.6610839705126725
3150,0.09351874414126428
3151,0.1408510646251426
3152,0.44192441164589624
3153,0.06229560106141621
3154,0.8669790750433488
3155,0.0566697649791237
3156,0.06310726835033807
3157,0.016879478629413382
3158,0.0024063077187594815
3159,0.02394398174190342
3160,0.05567763004522951
3161,0.3299496112882878
3162,0.4351901732110878
3163,0.4352710140215542
3164,0.768409027819451
3165,0.0323580227205178
3166,0.10167444890202004
3167,0.4873373246391708
3168,0.09495048154120442
3169,0.005829737267861462
3170,0.18365266835252153
3171,0.3681363719904473
3172,0.05120784025586834
3173,0.45364892136015683
3174,0.11428749139961597
3175,0.04854661895929699
3176,0.3530911509601948
3177,0.04075637072320038
3178,0.5214862085893972
3179,0.0025423246263447147
3180,0.0672321497338992
3181,0.15170003126022755
3182,0.10154014740854535
3183,0.17879253925346725
3184,0.11180211683711169
3185,0.07477445376489306
3186,0.221144775674204
3187,0.010987055233069604
3188,0.38512466749833624
3189,0.41532135654343133
3190,0.13051501414246724
3191,0.4345424800440276
3192,0.3090403198234752
3193,0.4358717185998995
3194,0.07025876470028668
3195,0.3044322735052562
3196,0.10344570744969805
3197,0.38536833882228877
3198,0.07846816006818398
3199,0.5271487640343031
3200,0.1849213675727069
3201,0.07251713553883418
3202,0.42006371416267435
3203,0.889529891830477
3204,0.0680131913833546
3205,0.2012984851045287
3206,0.06137114275733296
3207,0.030924671829676356
3208,0.9436543793976139
3209,0.09635367182563345
3210,0.02273346480391206
3211,0.07995666724123844
3212,0.014387887543675907
3213,0.8178536840958546
3214,0.840591343505311
3215,0.059058955094462455
3216,0.07407627698272255
3217,0.08529924969868395
3218,0.008092006657505438
3219,0.21079476688299068
3220,0.05771272169534632
3221,0.3413762303161926
3222,0.8652642975222979
3223,0.10365962271677388
3224,0.08102485993622303
3225,0.03542366827833759
3226,0.07762007361803286
3227,0.7596952218100247
3228,0.07094543373189713
3229,0.1515151298496657
3230,0.011242871428461108
3231,0.5544599974958625
3232,0.035481496075798306
3233,0.40643111115170105
3234,0.007329407107011816
3235,0.04843102501580998
3236,0.23093221713646636
3237,0.004308858367674553
3238,0.07694386501217276
3239,0.8160073323506815
3240,0.05843245502314595
3241,0.0674919577041114
3242,0.40651476897277156
3243,0.06575879107079519
3244,0.3730901304024597
3245,0.15394490601430036
3246,0.03926462588626826
3247,0.4417146979730289
3248,0.17612480882786996
3249,0.038491890165495715
3250,0.021099076925465404
3251,0.062123217986047974
3252,0.050830610102917076
3253,0.16759346283090715
3254,0.006999498814001248
3255,0.4804593689704099
3256,0.0656284076359907
3257,0.3045375904197032
3258,0.07759925820877647
3259,0.07524007481535702
3260,0.3570763306312547
3261,0.7536129375044617
3262,0.0922429663424041
3263,0.07258454064659495
3264,0.3300031249749604
3265,0.4329394221065738
3266,0.45952543411735264
3267,0.08739303527237854
3268,0.06133883216223317
3269,0.7684675104050551
3270,0.12383311082036506
3271,0.4144718248419326
3272,0.0691858657618071
3273,0.009151601688569275
3274,0.06903370294164125
3275,0.1300423464700988
3276,0.3224436837097368
3277,0.511424564108373
3278,0.13544055572787364
3279,0.3921778081535962
3280,0.35208229131804203
3281,0.8942565996830727
3282,0.4526825233495857
3283,0.14573160383791509
3284,0.0706767660900177
3285,0.5774459987842399
3286,0.1429415549203667
3287,0.019493657827948565
3288,0.4150477016306194
3289,0.11652694177228036
3290,0.1163258600899011
3291,0.07262139495663254
3292,0.027766537592178085
3293,0.03737281737944905
3294,0.060765245916807195
3295,0.17275433785715152
3296,0.021392997994994525
3297,0.045023084199849954
3298,0.003546020152836565
3299,0.046872036278871834
3300,0.3875330458423528
3301,0.025293499844654992
3302,0.6492060146750496
3303,0.035555056198437386
3304,0.10099870927143934
3305,0.526674048677279
3306,0.05447908751136248
3307,0.07017052453578004
3308,0.3002425131306823
3309,0.3135886607995324
3310,0.7150803862693319
3311,0.003153671582949956
3312,0.06297493648971497
3313,0.18732450761642333
3314,0.09685945287813326
3315,0.07319475626217214
3316,0.07430707924257486
3317,0.439662395391084
3318,0.026291894772752004
3319,0.05453456266704797
3320,0.2534371385054882
3321,0.05498296731543295
3322,0.0711951219637235
3323,0.12877093338495538
3324,0.4181112942339608
3325,0.05885681640529048
3326,0.002543343094079963
3327,0.10766000140685786
3328,0.1621376709019292
3329,0.044818688096397656
3330,0.06341540695819593
3331,0.15751423680243828
3332,0.005748696086915471
3333,0.526366982245911
3334,0.8406967535457274
3335,0.08257116711527909
3336,0.4358655723590684
3337,0.10059010475624175
3338,0.11147906536649814
3339,0.05961033830892266
3340,0.4254854206364097
3341,0.09025659598122271
3342,0.2285086243265795
3343,0.05596194467613519
3344,0.03760496359034148
3345,0.3925596897650409
3346,0.1510683359844012
3347,0.11271221031304843
3348,0.29268889739334997
3349,0.09389938787413364
3350,0.43321300979632066
3351,0.06992028027479305
3352,0.1417079725953877
3353,0.12206790421831289
3354,0.08111510041727317
3355,0.04380501534755638
3356,0.03496539399530194
3357,0.3715001770265604
3358,0.7771407076814982
3359,0.0856714603130842
3360,0.00398268584078956
3361,0.7534121594333867
3362,0.10200177897300547
3363,0.03855597523516542
3364,0.05809415093439757
3365,0.007428542040987498
3366,0.12332184242377527
3367,0.04959283851863906
3368,0.04619570688613795
3369,0.8877323737585006
3370,0.07524798241068528
3371,0.17258974944784825
3372,0.7865876940577717
3373,0.04742548976085532
3374,0.3965882654460135
3375,0.004149664540687341
3376,0.786654525993276
3377,0.6864315234106313
3378,0.875370546869222
3379,0.06753638240017636
3380,0.058593177721170724
3381,0.06821795713164858
3382,0.6844843387963051
3383,0.32841408405940314
3384,0.39998989162166265
3385,0.09526236718148329
3386,0.37888187742825336
3387,0.3715591549096846
3388,0.09028965981948112
3389,0.058069682918600915
3390,0.0887143470579135
3391,0.007169342939078572
3392,0.07200284850707353
3393,0.07568102098063981
3394,0.06933227040330783
3395,0.8934652830683506
3396,0.27788336961857135
3397,0.799044752289992
3398,0.06976837118407932
3399,0.08182991070534487
3400,0.3062508072404227
3401,0.10889500932350082
3402,0.0832481041758495
3403,0.07477991320246569
3404,0.37733728243596953
3405,0.3886200938004334
3406,0.03287842019594384
3407,0.18646393265664174
3408,0.07004200071516183
3409,0.0348905900716953
3410,0.1572841139804895
3411,0.2769796277262735
3412,0.18710000903139717
3413,0.2778517380863391
3414,0.06636599523189046
3415,0.03861178344152833
3416,0.06510659229730478
3417,0.04758563329801559
3418,0.05469435957000474
3419,0.42242264321798584
3420,0.046003061688939355
3421,0.07828289198133398
3422,0.007900236910892804
3423,0.004518767215485168
3424,0.03805148982746109
3425,0.06949760877151168
3426,0.9053327493774765
3427,0.007416559357250416
3428,0.18485181526497013
3429,0.060896886386000694
3430,0.15327557134106665
3431,0.07572688569024491
3432,0.5459345439048041
3433,0.7483627038405188
3434,0.1110664347874283
3435,0.0435138010708323
3436,0.3476965652475789
3437,0.28949534061486265
3438,0.38003410977580276
3439,0.08637234308198516
3440,0.22467158312109858
3441,0.5743610249715958
3442,0.05822880920679114
3443,0.0688960907079903
3444,0.1548168936084637
3445,0.9780038621685617
3446,0.03949396925844329
3447,0.03911910746527066
3448,0.01733978161085948
3449,0.11558892595305435
3450,0.04885687400116014
3451,0.0637261624667155
3452,0.06231732328331612
3453,0.006366099608931848
3454,0.21541368503289782
3455,0.06062722294804094
3456,0.07709898494894189
3457,0.12730863800740866
3458,0.7465697080263244
3459,0.333129100109651
3460,0.011747054900378483
3461,0.004183172212260346
3462,0.003090512117064525
3463,0.41109168255951656
3464,0.03994246400340192
3465,0.8846875986463942
3466,0.2880789209354143
3467,0.07010925694916123
3468,0.003343198907949732
3469,0.011235347973093737
3470,0.7347769364317802
3471,0.47280072549030616
3472,0.048625533245256265
3473,0.04943658051228659
3474,0.032136918429176535
3475,0.7258725435207839
3476,0.31140305175500443
3477,0.37315108412228765
3478,0.08309237315130681
3479,0.0630011076157054
3480,0.015143725827208541
3481,0.37825115078676413
3482,0.21529045657588106
3483,0.02632005679230189
3484,0.0120640709233243
3485,0.6871634167511559
3486,0.10313187833468057
3487,0.4171848885385256
3488,0.048958170422890274
3489,0.3901330722590821
3490,0.051698250422359836
3491,0.37085104624389187
3492,0.06780776370100662
3493,0.3523763899013306
3494,0.16700286063365766
3495,0.005836104886672072
3496,0.058914255622119466
3497,0.6881267872844111
3498,0.0035926677369911087
3499,0.033037931838063264
3500,0.05404754106694236
3501,0.07381252064412938
3502,0.3758406843039627
3503,0.04844082500257035
3504,0.21756786515658297
3505,0.03861973420731015
3506,0.2817154555426708
3507,0.11125492188300416
3508,0.05917680955312532
3509,0.083549678620596
3510,0.06383801248881389
3511,0.06271888517436534
3512,0.08995809995019538
3513,0.03297748240209971
3514,0.7684086770266016
3515,0.16873062024376745
3516,0.05969879667704032
3517,0.7647935000449186
3518,0.005206681674075084
3519,0.7885550123001981
3520,0.36389121795785445
3521,0.3841478103746349
3522,0.004594395469009074
3523,0.03426059665961249
3524,0.04644288614482948
3525,0.0075217721513114065
3526,0.05693646471837664
3527,0.03342368195105649
3528,0.4879050665719051
3529,0.09560359902159318
3530,0.4858901028072637
3531,0.07239021572269627
3532,0.32664391981219815
3533,0.030558535916783338
3534,0.06813814938075972
3535,0.08968237093626856
3536,0.09545084284662518
3537,0.7617978802337807
3538,0.3607436445214176
3539,0.0614919904768472
3540,0.06538104391725033
3541,0.34404588257214785
3542,0.7957068378390512
3543,0.03955664682077289
3544,0.0027287377242852873
3545,0.4529614874046215
3546,0.07033226243817732
3547,0.1423270163203528
3548,0.09053608446956338
3549,0.05997114440764894
3550,0.7750137725825813
3551,0.042442414590757836
3552,0.7713839289920673
3553,0.018065246271338178
3554,0.4262300500186544
3555,0.16358482492926207
3556,0.9396130079558823
3557,0.07647266039122602
3558,0.054645279978937776
3559,0.0046551931648573025
3560,0.5832146252677197
3561,0.8931575514338244
3562,0.18967626154265554
3563,0.02014595945805663
3564,0.7790041979679665
3565,0.03373414447422864
3566,0.04508859327189675
3567,0.00393677559405489
3568,0.4056268366956471
3569,0.039306953430835255
3570,0.06576558634694493
3571,0.2128331187849233
3572,0.052918216180049556
3573,0.07156842375043698
3574,0.43706242152021435
3575,0.08989816679379331
3576,0.06782395481634962
3577,0.36674587895500993
3578,0.06629564909358417
3579,0.9562158890693687
3580,0.1599681801994206
3581,0.4121897098406619
3582,0.062456573580976865
3583,0.013663089206629954
3584,0.10821767504749674
3585,0.4465561852376155
3586,0.07845171143762314
3587,0.1591771399612513
3588,0.048476472865347946
3589,0.035812667447162244
3590,0.5054272895367552
3591,0.04148368525052584
3592,0.008180738977223044
3593,0.07521846565069809
3594,0.006987320719489438
3595,0.06967278980334102
3596,0.073451205436974
3597,0.06695594499891037
3598,0.06343054605817433
3599,0.3222538319853307
3600,0.06883497064898628
3601,0.36370520394107975
3602,0.15390437865256637
3603,0.056091404193942734
3604,0.009033466612616293
3605,0.0120831315183147
3606,0.007744401523937173
3607,0.17850036834212557
3608,0.06512220468157748
3609,0.04666531561040575
3610,0.05588699982825854
3611,0.004024075770406472
3612,0.37579304463334223
3613,0.37602287998342615
3614,0.24717488248796335
3615,0.03360652172406185
3616,0.3481156567849656
3617,0.0036262255404358244
3618,0.07034016916956032
3619,0.04897497325564767
3620,0.030930797819164
3621,0.3418919546145307
3622,0.9419461439110848
3623,0.1577261122960974
3624,0.022495176270282326
3625,0.06776886290931158
3626,0.026339380807834475
3627,0.006345783504197472
3628,0.16902288517143635
3629,0.13728216922358566
3630,0.06779116177042216
3631,0.11955770326699221
3632,0.5769236809221852
3633,0.004760642119034997
3634,0.3294593514485991
3635,0.8796622705651922
3636,0.006704515509560823
3637,0.058046351738315294
3638,0.05203694656166582
3639,0.42014984386343623
3640,0.057280027406621324
3641,0.3777799589429357
3642,0.43222770386723963
3643,0.397204568833392
3644,0.2423443424775042
3645,0.04049363440742175
3646,0.06200854182454393
3647,0.023813970236680283
3648,0.06616949061690644
3649,0.013692271771777873
3650,0.06475606408927238
3651,0.033945301456641395
3652,0.42220889045885995
3653,0.1742116242012687
3654,0.17528249402036117
3655,0.8191076363886454
3656,0.4854518642098814
3657,0.0730945680119201
3658,0.06359076804085793
3659,0.059819393611034964
3660,0.09353040354567728
3661,0.44941898443654144
3662,0.0718734848920499
3663,0.10430558814671288
3664,0.787224171089772
3665,0.07312106542677917
3666,0.08040267852296382
3667,0.05666517181003821
3668,0.5749540025738846
3669,0.05400597979436553
3670,0.14248279608004763
3671,0.5569167064649002
3672,0.046604885474333196
3673,0.002406767248584045
3674,0.7910665527135314
3675,0.5561232779187096
3676,0.07914894261715257
3677,0.002434062686783467
3678,0.03331035812537428
3679,0.40427594905261466
3680,0.4337572342153835
3681,0.41317199046362707
3682,0.06629304760766637
3683,0.048285102692644424
3684,0.46342499397765197
3685,0.23619499393676263
3686,0.06881123333089116
3687,0.45200124889740356
3688,0.7595283245569108
3689,0.02695121084104128
3690,0.057261305233596384
3691,0.06890998503335515
3692,0.0907384510106672
3693,0.05877314121151316
3694,0.374414016552253
3695,0.41653706190810275
3696,0.1783721229179136
3697,0.3221915664700681
3698,0.042352148455053557
3699,0.2007946954261104
3700,0.14779993471779745
3701,0.0319539539728856
3702,0.07095978232393464
3703,0.6820363421660214
3704,0.006390479178225543
3705,0.18029519202070657
3706,0.049967215124370135
3707,0.054696199868828135
3708,0.05051462208455564
3709,0.047606728552293746
3710,0.040634388776359866
3711,0.0821465950792212
3712,0.05687715884504947
3713,0.08759154297897978
3714,0.05292639968801628
3715,0.006043471275260129
3716,0.10948481537277491
3717,0.08261716979752382
3718,0.9414479935787952
3719,0.047149825498965306
3720,0.16087322715207206
3721,0.0641329214705134
3722,0.5879078606844043
3723,0.05053534052585465
3724,0.05850986470235841
3725,0.5025553466409005
3726,0.31858009756730526
3727,0.0627092943198238
3728,0.12279883289241596
3729,0.9152116439351212
3730,0.7962312299815313
3731,0.06058030059383167
3732,0.6747589983863308
3733,0.9384041488892776
3734,0.035024874673070305
3735,0.4302897464916215
3736,0.086083778146659
3737,0.06166564654880132
3738,0.4897195412204759
3739,0.35679292402798546
3740,0.03666819585991265
3741,0.5566783573889683
3742,0.06902337238774212
3743,0.05849146153052848
3744,0.06697775642590341
3745,0.057820314882610725
3746,0.7450292995777182
3747,0.05483384270371818
3748,0.050251087688404784
3749,0.761496749511545
3750,0.04900144419726854
3751,0.5020810166746159
3752,0.23508619947413922
3753,0.337775377449019
3754,0.13111281172655578
3755,0.38642921329184216
3756,0.16574100862820518
3757,0.0663943733361487
3758,0.10321709154623016
3759,0.045919807309036095
3760,0.06487847667570619
3761,0.44494985511205953
3762,0.05708166694586788
3763,0.004817104268277968
3764,0.0071038570024138745
3765,0.40380517988758907
3766,0.5350741983347161
3767,0.5773761243789197
3768,0.42233783779527545
3769,0.44607633306848354
3770,0.361145684222235
3771,0.07852862871760179
3772,0.41947132959961225
3773,0.18849146999269087
3774,0.01666323048582671
3775,0.10556279868258349
3776,0.005422509458178711
3777,0.3636832157411977
3778,0.03112317725002025
3779,0.1613053481423433
3780,0.006508407921291504
3781,0.16993023632250692
3782,0.3215177302388415
3783,0.4199720476390748
3784,0.6692826147652845
3785,0.07598636544464539
3786,0.019820807355198217
3787,0.7947503914295648
3788,0.05026811198465339
3789,0.5083503339726958
3790,0.064093867198056
3791,0.17596095685704347
3792,0.519765871904103
3793,0.7852464946749114
3794,0.21785551281892387
3795,0.054304945215384426
3796,0.1619867553882199
3797,0.029501372460413292
3798,0.05997552556726898
3799,0.18807308385390806
3800,0.1752344956008976
3801,0.27611598856134334
3802,0.02259266388479224
3803,0.32442576055943195
3804,0.06551584783798896
3805,0.020554629866037896
3806,0.006625644051372296
3807,0.07607697456753003
3808,0.3065959949956261
3809,0.0682137890138328
3810,0.08380877638119606
3811,0.09879335012719642
3812,0.10321276460576619
3813,0.1363002383118614
3814,0.04141634339353932
3815,0.06728267010335105
3816,0.06605914064442012
3817,0.4003055743495836
3818,0.05214884443665409
3819,0.5831814547068499
3820,0.4589531859137119
3821,0.05710052782626683
3822,0.0692429191613916
3823,0.596727305366567
3824,0.0387716394041808
3825,0.027124716960920347
3826,0.059715490920016184
3827,0.06204376900247721
3828,0.09064569580141604
3829,0.003679269661486168
3830,0.3602255235897453
3831,0.3603264889827367
3832,0.007719292531200575
3833,0.0698330872847288
3834,0.06272819785295079
3835,0.20984365238121214
3836,0.07171925684300527
3837,0.24302536201543978
3838,0.05078559195287892
3839,0.3526498120068315
3840,0.07047880715227256
3841,0.7608612349292908
3842,0.44141953773292975
3843,0.05567650362756851
3844,0.47295993080818133
3845,0.1887303001874609
3846,0.06960019361081149
3847,0.04636868006777532
3848,0.6941712707109198
3849,0.05354373094861869
3850,0.026190082573380378
3851,0.11405502806763365
3852,0.002720622822140373
3853,0.047546108079573934
3854,0.05319290640892469
3855,0.053200581079636274
3856,0.4838332346178225
3857,0.39009178046016524
3858,0.05152628951081775
3859,0.0723979527829445
3860,0.0458316686633958
3861,0.07649231677246061
3862,0.04059898615221991
3863,0.05543436573162905
3864,0.35660930661857054
3865,0.1434307300031014
3866,0.1522730002820511
3867,0.0964611659202179
3868,0.05175558795454641
3869,0.4717676597456861
3870,0.0783563490821356
3871,0.04597739495870776
3872,0.05356087142498422
3873,0.03213926321444043
3874,0.015612168953762037
3875,0.014125022462236118
3876,0.3269096216709993
3877,0.07246823287033229
3878,0.09197370071546385
3879,0.10065535910203452
3880,0.08453157255486257
3881,0.039303655690723104
3882,0.16115750963452757
3883,0.737348797642598
3884,0.0743075218860055
3885,0.0046806403685353375
3886,0.15891130043798998
3887,0.07086882956636792
3888,0.6350579097950803
3889,0.07030593927542352
3890,0.1649145656803581
3891,0.16127882317388909
3892,0.5381294969666712
3893,0.06207900874740727
3894,0.07065821965315289
3895,0.36573911312462354
3896,0.6108122176493369
3897,0.09692037976130045
3898,0.0869342070875872
3899,0.5726139483491428
3900,0.07713495511170955
3901,0.01337058480656271
3902,0.20551817780356957
3903,0.048978137936010066
3904,0.2995442151989391
3905,0.09183738337677007
3906,0.007330760244806502
3907,0.037352846557476456
3908,0.1033312559667397
3909,0.0648696082955216
3910,0.034304892842948284
3911,0.018088539103593322
3912,0.32912189903778977
3913,0.035179886001468444
3914,0.5605262301748449
3915,0.2138076516386562
3916,0.14963261076897963
3917,0.034911644326641816
3918,0.045582421602289584
3919,0.31436783149861436
3920,0.08940512484591762
3921,0.20999999266841823
3922,0.056428849907429524
3923,0.03884590718142497
3924,0.07203723676461656
3925,0.22432863054120514
3926,0.09858192392839377
3927,0.03810058550202731
3928,0.19373312566606662
3929,0.007611740660418554
3930,0.05657143114353311
3931,0.06149703992590616
3932,0.21564119076989674
3933,0.04536661996787307
3934,0.03829221635982712
3935,0.10034572046904336
3936,0.42720543214312756
3937,0.35149189118122354
3938,0.49383537549670736
3939,0.677259551236033
3940,0.6873837655272264
3941,0.6590017841668738
3942,0.3329588639673833
3943,0.06857534586845826
3944,0.313023978036226
3945,0.2872833586360748
3946,0.010318648150072081
3947,0.03784082471802675
3948,0.060538625457095506
3949,0.32896437108425536
3950,0.017474694240531392
3951,0.7231408724525362
3952,0.6529329913948386
3953,0.3234070243583253
3954,0.1477373596395486
3955,0.13076834164909565
3956,0.10058822122304219
3957,0.11934323003375023
3958,0.6857857491523158
3959,0.7407240392304453
3960,0.33142538968160595
3961,0.04975948016086647
3962,0.0038264552739681336
3963,0.1685945155493213
3964,0.04001345621467869
3965,0.1485510189328743
3966,0.07191302917731408
3967,0.4698631477588362
3968,0.01491481813810178
3969,0.44220982906983297
3970,0.4531818158785028
3971,0.0915975873679865
3972,0.8610796673407844
3973,0.05465214275676203
3974,0.0034275661081727637
3975,0.05876117002047268
3976,0.38215060422934244
3977,0.004097308950335141
3978,0.0038328881211701256
3979,0.6184982067248399
3980,0.039646780457807916
3981,0.010632042324115947
3982,0.13372877985024756
3983,0.07277964860356569
3984,0.06924260071772514
3985,0.06790199125137045
3986,0.7641213283279132
3987,0.028818001148340603
3988,0.07815214769669426
3989,0.3982712831227537
3990,0.05884356964168337
3991,0.06468098405459341
3992,0.20076303683655417
3993,0.16408610462235143
3994,0.06780802353955163
3995,0.03046996657352981
3996,0.05039726865415371
3997,0.045672029433963285
3998,0.8918231256770248
3999,0.1406821153157993
4000,0.05349167313726377
4001,0.577431838915819
4002,0.06399957414560119
4003,0.21159788488873393
4004,0.41670134079104343
4005,0.44745789622712145
4006,0.0038570683814124302
4007,0.08809967871650065
4008,0.039043178793736866
4009,0.9458651331513795
4010,0.10066866499317795
4011,0.8094789784127437
4012,0.06052399654790607
4013,0.05847065418732659
4014,0.07105050396048579
4015,0.06993289567745412
4016,0.04204070945822565
4017,0.04855271961807185
4018,0.0756252489970422
4019,0.9358531906250787
4020,0.07122731266948105
4021,0.48727388302848795
4022,0.2567104390338168
4023,0.0624264187814405
4024,0.049948144849684545
4025,0.4481418174009072
4026,0.0865429508860119
4027,0.018892941495237788
4028,0.06018910056000454
4029,0.06399748020934802
4030,0.058733805797431586
4031,0.00350114940162449
4032,0.03508070844967153
4033,0.42845965195683916
4034,0.0376610928824833
4035,0.4275073967454762
4036,0.11112599189682426
4037,0.04779481005021237
4038,0.051826604169921735
4039,0.0642864393654339
4040,0.5112194724606322
4041,0.08147772697368835
4042,0.030101820310878546
4043,0.00557472539145064
4044,0.06658893772189424
4045,0.056249223861906915
4046,0.4431301931449632
4047,0.07800911557549142
4048,0.015431418006964145
4049,0.03516368826189318
4050,0.07900877539517133
4051,0.043674263393936916
4052,0.10899314226196057
4053,0.14366101723222202
4054,0.05794662983353445
4055,0.6658088108628437
4056,0.005565270010127253
4057,0.41844328917135687
4058,0.06281251994158445
4059,0.006608262518471007
4060,0.2166724291778854
4061,0.0033918783783647593
4062,0.07919450430254843
4063,0.0706825047152757
4064,0.007195991093269828
4065,0.0019036567008291919
4066,0.08030333071215864
4067,0.021311755361636254
4068,0.18409064196030192
4069,0.072429409265135
4070,0.09143042781410998
4071,0.3992345349419035
4072,0.43297526930688995
4073,0.1131911717324398
4074,0.44582121625023247
4075,0.3965853286742883
4076,0.28267456359807047
4077,0.18884611463132703
4078,0.08521162714669257
4079,0.10606879170883617
4080,0.18666194350321147
4081,0.4107378665583266
4082,0.03922923187284795
4083,0.6706335033728271
4084,0.5240155906862668
4085,0.32857024824851694
4086,0.061920672108351026
4087,0.06358568908858535
4088,0.007296377350639585
4089,0.3287685782038497
4090,0.31123290357115996
4091,0.03907666606424209
4092,0.1340823329669276
4093,0.6086633678637543
4094,0.030264722260746946
4095,0.38343655914625074
4096,0.08452088923793125
4097,0.04087473716926168
4098,0.08441495270603545
4099,0.006782896791022874
4100,0.0067705724312018545
4101,0.33894938131424907
4102,0.28520930158464963
4103,0.07002790225321497
4104,0.03246226089391383
4105,0.0035389419066404475
4106,0.04555203975330202
4107,0.10776750905047411
4108,0.029891620108409716
4109,0.10892837642198797
4110,0.4522855403049016
4111,0.005402838036427054
4112,0.0055548804736323685
4113,0.032796978835185835
4114,0.40814305066328177
4115,0.004444793166045875
4116,0.10822487396579906
4117,0.17149828841502798
4118,0.06293914294189958
4119,0.007633809027100548
4120,0.33733276429856013
4121,0.32161846216757645
4122,0.0082999731297217
4123,0.0753761354110928
4124,0.4725012326823776
4125,0.03704838066972175
4126,0.6623280714378134
4127,0.32417741760282565
4128,0.05475218383260709
4129,0.055528937244716144
4130,0.5948223564330378
4131,0.06552828826954868
4132,0.030258347324255225
4133,0.47061864056187935
4134,0.03737678146385799
4135,0.1065652465555635
4136,0.003985609753938518
4137,0.06387794407472683
4138,0.03380614513966483
4139,0.01754802171750424
4140,0.17429869130460554
4141,0.40098017113535284
4142,0.08043200287356136
4143,0.010059580555577692
4144,0.0768297098511535
4145,0.04797036966648506
4146,0.24166224969811967
4147,0.3580116156835592
4148,0.06793215944298633
4149,0.04805507400791373
4150,0.3901538782566414
4151,0.6309505879793291
4152,0.09009488614247074
4153,0.01878448871618274
4154,0.04494629103279851
4155,0.43717401379727683
4156,0.0031124520215156945
4157,0.3185923270908158
4158,0.42155232546756455
4159,0.002419729114825494
4160,0.2065869190769824
4161,0.19003958320551556
4162,0.08823799908743514
4163,0.0071024544616822526
4164,0.055258806825220295
4165,0.05481815725460761
4166,0.4531813242475489
4167,0.3681826529390195
4168,0.005877000938967623
4169,0.05466064325335154
4170,0.4968702930907608
4171,0.05477611598795306
4172,0.36452689887393747
4173,0.11549969089376029
4174,0.8781282402429641
4175,0.800602312875388
4176,0.05045282047879849
4177,0.17431243502326044
4178,0.07808648164218308
4179,0.13970567507814582
4180,0.06924443444339837
4181,0.3376903594288633
4182,0.519045222147435
4183,0.013978766885374423
4184,0.030574774223077656
4185,0.054092923687908044
4186,0.5718474822462023
4187,0.08533491496163306
4188,0.06560048233085207
4189,0.038092159964316544
4190,0.005158807070624968
4191,0.1932030095132022
4192,0.07699609071768967
4193,0.040633044706992506
4194,0.02156820947469775
4195,0.08140715159958799
4196,0.049065556867193515
4197,0.43607353588624825
4198,0.4694755819828804
4199,0.03388133237659997
4200,0.08763172133074536
4201,0.007881399021024773
4202,0.10641100172480145
4203,0.39235244327829394
4204,0.06359023073779532
4205,0.3504547961637938
4206,0.11990799366623181
4207,0.05715718616993007
4208,0.062464326136828355
4209,0.18097436402393083
4210,0.05496475216134984
4211,0.3119965984033424
4212,0.4569676593055373
4213,0.06623170660599596
4214,0.12208840581806768
4215,0.3419574237784712
4216,0.11149625012977013
4217,0.20614394092708901
4218,0.3727124148152503
4219,0.7698748348969786
4220,0.012008154482739414
4221,0.061931684994367645
4222,0.44265044703489637
4223,0.43950233273825595
4224,0.004799862534594554
4225,0.36663501311964103
4226,0.002177681967226395
4227,0.4613889805891873
4228,0.06487390371080415
4229,0.3378592130400406
4230,0.050767280536961334
4231,0.06308331258939834
4232,0.834678415137606
4233,0.915571548431395
4234,0.05875698551447062
4235,0.04095837401781805
4236,0.1408356000701506
4237,0.47249297881697333
4238,0.21026954706661033
4239,0.4815331541554945
4240,0.04497894358072278
4241,0.09693386308626759
4242,0.0621522149599433
4243,0.2125426482058824
4244,0.41416650861181514
4245,0.034830755137488796
4246,0.003620193318463445
4247,0.2984637558395117
4248,0.05180906960915907
4249,0.05388114335650269
4250,0.830167442170817
4251,0.6308111911439102
4252,0.4458841850206322
4253,0.9591088674119463
4254,0.043984244325061435
4255,0.03239384989462389
4256,0.008923360000011456
4257,0.34399127003394264
4258,0.13406024986165693
4259,0.10191089733062303
4260,0.5056837858109554
4261,0.007256209707309425
4262,0.03996407601276566
4263,0.004000724918961175
4264,0.33169987498118775
4265,0.06287515754920886
4266,0.04504080157183941
4267,0.6817122383526418
4268,0.06585549034271347
4269,0.06581927136874662
4270,0.1667764120108711
4271,0.14607562557206455
4272,0.08230265851628674
4273,0.08301824278376865
4274,0.004005736258055925
4275,0.05281465204240057
4276,0.017726224436053376
4277,0.07059587414631026
4278,0.08458598150718713
4279,0.07590141379583747
4280,0.49134309954831523
4281,0.019045122639022197
4282,0.03989111588702178
4283,0.07796972265425851
4284,0.06902169241265001
4285,0.3863743188626511
4286,0.017038058686549902
4287,0.035505603853379
4288,0.17213640372401645
4289,0.9463620898985518
4290,0.48257109009668137
4291,0.6555859286698971
4292,0.0026839620868657358
4293,0.16954555849987715
4294,0.05472608299332435
4295,0.008222980068503572
4296,0.41193347991831886
4297,0.08227347545580715
4298,0.05239482762347485
4299,0.1496963547610767
4300,0.032291724074259
4301,0.03274028980925483
4302,0.4363325288625675
4303,0.2664326597553211
4304,0.08448470919030343
4305,0.0598049906388947
4306,0.056246108318585175
4307,0.3664986073586816
4308,0.534329460522333
4309,0.14045053030262086
4310,0.2761928996774916
4311,0.08630056742301304
4312,0.20899806174111124
4313,0.06760302832355848
4314,0.2758480432199681
4315,0.008877888898473438
4316,0.06997303027561202
4317,0.30653508813578345
4318,0.07039537323696307
4319,0.6076754401668226
4320,0.9518858878066562
4321,0.1634476228526933
4322,0.3529803342073913
4323,0.06049982306960744
4324,0.22827050631203993
4325,0.760204050325713
4326,0.11000076213167051
4327,0.06564729398266204
4328,0.45333741403001
4329,0.1749265228510441
4330,0.5458835419715129
4331,0.07355112009711275
4332,0.06579020086115457
4333,0.36509836078828944
4334,0.17044901725352846
4335,0.036815684902597456
4336,0.4347800367038019
4337,0.9157828401666515
4338,0.4888490597929274
4339,0.007330357359089907
4340,0.025038487730619327
4341,0.787525236532473
4342,0.06723310938369695
4343,0.05267187737517337
4344,0.026757601912595953
4345,0.19074826614482268
4346,0.34039468355080754
4347,0.4745167800876269
4348,0.0704183451364862
4349,0.7013213442334296
4350,0.33713496453382064
4351,0.838106220661861
4352,0.24222460482584102
4353,0.2697402582396362
4354,0.19777919697948151
4355,0.05679603364260492
4356,0.061956774084008646
4357,0.04443069970580138
4358,0.2825216302475185
4359,0.4852797358730983
4360,0.33504536632442194
4361,0.07394226306123429
4362,0.013347520384609641
4363,0.07360506240728264
4364,0.40779226053103745
4365,0.2669218775453858
4366,0.006454642407138782
4367,0.6170779410182885
4368,0.07014168077360888
4369,0.03293646162463463
4370,0.07502744433459492
4371,0.03557371563686377
4372,0.051238063593986874
4373,0.009702540841261206
4374,0.05183315691772476
4375,0.04334548602479712
4376,0.0658448263369939
4377,0.049446372403552916
4378,0.38411769592216577
4379,0.055018404034397096
4380,0.4057648374716947
4381,0.04198546842451989
4382,0.07766285403654144
4383,0.036974234541322835
4384,0.4591079778770256
4385,0.03744538167388924
4386,0.40835914139593893
4387,0.07039377421322843
4388,0.07884254344754356
4389,0.030126800521687338
4390,0.001320646466012764
4391,0.03349603127413998
4392,0.044332794125234526
4393,0.07204169894974269
4394,0.0074475867878405705
4395,0.043139209798243726
4396,0.07494873734125747
4397,0.15985823221411102
4398,0.18136871972571988
4399,0.002940549303288635
4400,0.06482544710556973
4401,0.002318791748669311
4402,0.02722468213314496
4403,0.36282614702270444
4404,0.07089534834253158
4405,0.0694744194028757
4406,0.033390613715582974
4407,0.1488231828121321
4408,0.055521157656580646
4409,0.10332510366463041
4410,0.05728161852178134
4411,0.8570422167812687
4412,0.5372074928361047
4413,0.3765194190775043
4414,0.42012233311244956
4415,0.011634645300051835
4416,0.00636678101634852
4417,0.42294991455193537
4418,0.006369471924140196
4419,0.8877270458148647
4420,0.05991293372510294
4421,0.5284940987802975
4422,0.021177483967560987
4423,0.4263783879956697
4424,0.04690128667716961
4425,0.04755869072552761
4426,0.1180034564069033
4427,0.1752784170816305
4428,0.12130497742518728
4429,0.031059548569528105
4430,0.013172377435112952
4431,0.14398686820083775
4432,0.45370201332919136
4433,0.02588410369110556
4434,0.3616398892104922
4435,0.8007950572692132
4436,0.03230657807437437
4437,0.060828683386875956
4438,0.028533150591064302
4439,0.6196010826655725
4440,0.006000300246295276
4441,0.5643994529680544
4442,0.4226665340763622
4443,0.2956424646921638
4444,0.7379211623895169
4445,0.35121629568052015
4446,0.13705321772019988
4447,0.6190706140090093
4448,0.022806983874119953
4449,0.00731739932319902
4450,0.49150455886593203
4451,0.06492286746223834
4452,0.015579590988803224
4453,0.45313932057198614
4454,0.1869684726294626
4455,0.17007735505931557
4456,0.4361356262794257
4457,0.06438824767043339
4458,0.34350615266857093
4459,0.20034893419115996
4460,0.031770372386017494
4461,0.3862597923020986
4462,0.04541389781190025
4463,0.9458270009235844
4464,0.17030303731693805
4465,0.03812232416939639
4466,0.053398003229024944
4467,0.20521778522070816
4468,0.016407037152264152
4469,0.019016724877459572
4470,0.037880150892321246
4471,0.06992094675852874
4472,0.39106836929015765
4473,0.005161540484952342
4474,0.061202579447235256
4475,0.07721294623957684
4476,0.056104011218342985
4477,0.21967101611026046
4478,0.17149159037081296
4479,0.06699101358737251
4480,0.1905113341001182
4481,0.45936177011459833
4482,0.3197600342870552
4483,0.057171586073043804
4484,0.07619758288691222
4485,0.07164651893025394
4486,0.35920655498500914
4487,0.006989373452462602
4488,0.06806221606272857
4489,0.058259563167425484
4490,0.04131471701005616
4491,0.0028158252556226694
4492,0.06871721865145401
4493,0.06475621314987572
4494,0.42339665615032
4495,0.07217156525215382
4496,0.027440527918924783
4497,0.04887893584098817
4498,0.006474268081442171
4499,0.07347366707106272
4500,0.08217016331495303
4501,0.06684369627814449
4502,0.14897857056055155
4503,0.3762418621908402
4504,0.4321696929508479
4505,0.004791568687271838
4506,0.2229229193461795
4507,0.43083875546174516
4508,0.05028653313893872
4509,0.006606245900540963
4510,0.03629448234473077
4511,0.033749653857341175
4512,0.05828477521737136
4513,0.05284348124893841
4514,0.07391568435889594
4515,0.06795683428737416
4516,0.05802232997500657
4517,0.06442884348765944
4518,0.35748685345343445
4519,0.0033467669884115667
4520,0.09518089479028496
4521,0.9516139536366284
4522,0.005076741220202212
4523,0.05898464398801122
4524,0.056746963454201535
4525,0.20373209772802822
4526,0.10747369559779729
4527,0.004734476788978601
4528,0.09919276201079531
4529,0.0648005116314597
4530,0.06732408040305451
4531,0.06110166783764371
4532,0.3116549856579689
4533,0.10993486325777173
4534,0.41123991748075434
4535,0.3368823605782199
4536,0.05992214357521211
4537,0.17421852468384513
4538,0.33256768308816165
4539,0.18912228321424915
4540,0.22034702544135623
4541,0.008275770215853623
4542,0.5887839329653743
4543,0.14536792680813065
4544,0.02108856939904669
4545,0.03791398652890582
4546,0.7479219080658694
4547,0.03736863645362435
4548,0.21085397124330602
4549,0.10040652834825245
4550,0.09911268500002654
4551,0.2577333103864933
4552,0.8105213632330133
4553,0.050490448465097995
4554,0.09771343587795348
4555,0.8161849861117987
4556,0.06283153681153458
4557,0.03302244080667609
4558,0.7909106959808242
4559,0.4043352255997854
4560,0.03651724333598469
4561,0.03797716089693794
4562,0.057892103379746054
4563,0.3168596731697783
4564,0.36143963323281214
4565,0.06006530596445536
4566,0.07956483352681493
4567,0.7600571757114392
4568,0.005684004120225412
4569,0.062321452357531934
4570,0.22499833189576132
4571,0.7304756671130882
4572,0.06219417005211316
4573,0.21575267772104742
4574,0.036818675645032856
4575,0.17136170979783233
4576,0.40549362732629596
4577,0.43457664780287364
4578,0.06018543708176636
4579,0.4276183080416279
4580,0.05689461961418216
4581,0.10533735043641304
4582,0.12931882880027942
4583,0.30789428506126565
4584,0.6398914583851399
4585,0.07225089665633354
4586,0.0037445566200596933
4587,0.0046359925175962855
4588,0.41152946903372545
4589,0.19014246376951396
4590,0.20658209590137724
4591,0.34514981378548776
4592,0.3520636601497925
4593,0.06727627567434484
4594,0.0030600499916247554
4595,0.007829834853886797
4596,0.06034973317612402
4597,0.01247656112934951
4598,0.05639693968089492
4599,0.08690146503170787
4600,0.17445034176529153
4601,0.0332158902763256
4602,0.0037378374762557873
4603,0.0770817713424609
4604,0.055241587629689545
4605,0.13543547748653112
4606,0.1846968491306528
4607,0.22152241091390976
4608,0.0435770765281253
4609,0.0025257160365660834
4610,0.09140379889410132
4611,0.14737226278839716
4612,0.06637953143969844
4613,0.04871594367202024
4614,0.048148395757900274
4615,0.15868069200270488
4616,0.06004941251779009
4617,0.06450519696227783
4618,0.06610144558726064
4619,0.07027799218708373
4620,0.975586935835237
4621,0.007374931148523513
4622,0.11846036782925601
4623,0.03177514019474694
4624,0.27237577895570303
4625,0.05188256695383262
4626,0.5555754824257587
4627,0.7980228639334674
4628,0.12525524557088585
4629,0.0545078902239877
4630,0.2592381343494401
4631,0.09275920653074003
4632,0.01610541445578987
4633,0.0308855550882918
4634,0.7872377911602338
4635,0.002927710989384688
4636,0.004532881124964424
4637,0.4921305624348962
4638,0.030718059974165456
4639,0.08716750993096077
4640,0.7695391835345269
4641,0.16048459565608475
4642,0.014318913682444152
4643,0.0693080460792757
4644,0.057531007302645244
4645,0.03433895485896274
4646,0.07209160397896973
4647,0.08964248982025826
4648,0.09976423978519625
4649,0.34872414525894196
4650,0.6075146930188497
4651,0.05634325617578345
4652,0.16338717700709984
4653,0.40083522156705054
4654,0.22379975835371224
4655,0.058673744044713955
4656,0.40823844609880156
4657,0.9737053014196393
4658,0.010266852677376034
4659,0.1750838181161204
4660,0.22603820683418746
4661,0.002631540884109693
4662,0.007254719397975415
4663,0.0210736722511183
4664,0.3518703802216407
4665,0.05833982785816597
4666,0.062262177037025954
4667,0.006697855969563453
4668,0.7267081065730048
4669,0.2806292200992336
4670,0.13330947167223434
4671,0.056450176789691206
4672,0.69643805305245
4673,0.4676706954504234
4674,0.008286973134846337
4675,0.0707573889440226
4676,0.058523121621148325
4677,0.08536972144685771
4678,0.08336477480369701
4679,0.3269720925779851
4680,0.05617164853058473
4681,0.07784461097526636
4682,0.059930350443707724
4683,0.0052059394256438
4684,0.07954707932964834
4685,0.0025795498451844368
4686,0.06311170016758856
4687,0.01665253564012366
4688,0.08137840770142148
4689,0.07398115131272204
4690,0.4106735631617125
4691,0.2374655015372368
4692,0.3919445248922426
4693,0.007827584986841317
4694,0.0648733510103633
4695,0.48221826905510473
4696,0.08356887609438803
4697,0.1945646197658156
4698,0.7554920443269927
4699,0.44507096698298276
4700,0.02800652269859213
4701,0.4383695442603327
4702,0.4154034318602435
4703,0.4162031285505944
4704,0.02279735447721336
4705,0.01282281579534746
4706,0.043747825270529034
4707,0.8840768266955967
4708,0.38110748405217726
4709,0.4083918109201057
4710,0.3708000076458219
4711,0.4125502550778027
4712,0.12436384452765815
4713,0.4033449700986466
4714,0.5893640566149655
4715,0.024000749120285363
4716,0.6406013885334183
4717,0.041476499170054845
4718,0.41776397988636654
4719,0.17853685403194317
4720,0.05757112967654446
4721,0.08643737206600319
4722,0.03772443731146899
4723,0.31959588284627016
4724,0.0405366808076867
4725,0.07079742304470903
4726,0.057086064131172225
4727,0.3687454722128282
4728,0.09807646804138137
4729,0.03561652450350205
4730,0.12398872748995489
4731,0.9508575971975017
4732,0.03993649551748001
4733,0.34722437258753386
4734,0.5126693096180509
4735,0.10838292872019976
4736,0.9427393531502352
4737,0.06646765410693767
4738,0.013198159282299848
4739,0.35330961496545993
4740,0.021175159298536087
4741,0.459805560238638
4742,0.03584575727335982
4743,0.4121457362494097
4744,0.07785970299977885
4745,0.037316694028417696
4746,0.07856856127316285
4747,0.050142395131908296
4748,0.014772801945799096
4749,0.0904468542462424
4750,0.012967700340915687
4751,0.0697917925942394
4752,0.17325617005300417
4753,0.33014663672032596
4754,0.00444031238724613
4755,0.4986144683937779
4756,0.3183771330577334
4757,0.47103268155165023
4758,0.014169204868379203
4759,0.04569168272785911
4760,0.07322853510100871
4761,0.5270296823544962
4762,0.43976186442936205
4763,0.003357450137217792
4764,0.05960429744621263
4765,0.06094617640349901
4766,0.06657464332424108
4767,0.3834390117752691
4768,0.023266634198327606
4769,0.04277879947222455
4770,0.04032323442516847
4771,0.07170270169324625
4772,0.3837872681352617
4773,0.04830180956624513
4774,0.37208246012276663
4775,0.6631706579906068
4776,0.3518265771441331
4777,0.06331801146921298
4778,0.060091237419071686
4779,0.06034131648442756
4780,0.7411447353953305
4781,0.34409558950626257
4782,0.09507258467558077
4783,0.23001475601010518
4784,0.2082332729352052
4785,0.48967539279773553
4786,0.0020809366980761197
4787,0.3141240225878691
4788,0.1762952090513769
4789,0.009185441338969261
4790,0.30730156143408527
4791,0.20136657336009492
4792,0.11397435208401557
4793,0.04777887846492946
4794,0.01438283001704139
4795,0.1783555484878379
4796,0.09033308628833868
4797,0.020863448726977697
4798,0.06468348846444255
4799,0.07546895193400355
4800,0.08590319364203448
4801,0.06261916913548365
4802,0.37107397991378976
4803,0.03667510931780697
4804,0.05385187655545543
4805,0.002316234578485636
4806,0.06458086151506175
4807,0.42390043160861046
4808,0.08680500096520045
4809,0.05332568462636483
4810,0.09067973014924027
4811,0.37017399772648635
4812,0.041258393089188494
4813,0.7694981326254822
4814,0.7622591367204944
4815,0.02033659133760782
4816,0.0783789630270057
4817,0.9244872100843327
4818,0.1899732518503857
4819,0.03897176752463243
4820,0.05017225393781045
4821,0.13519843098713402
4822,0.11378125547759453
4823,0.022452443776276337
4824,0.08170310367813058
4825,0.07830030771634273
4826,0.7945154685458237
4827,0.37483267672905407
4828,0.057936435503415054
4829,0.2038150151476182
4830,0.002840456823172441
4831,0.05470444783334395
4832,0.03384619230958415
4833,0.006236472547584009
4834,0.259279732949794
4835,0.08331676988962353
4836,0.37212323363542793
4837,0.038921418591596264
4838,0.12363864607626669
4839,0.09797358255592183
4840,0.0658835967255025
4841,0.00604933048470182
4842,0.048987130630914165
4843,0.05732846799352941
4844,0.052936760494142004
4845,0.0061424463398638334
4846,0.5654629072286466
4847,0.21866403820707722
4848,0.8171476424166617
4849,0.07456841965517366
4850,0.05845237649400216
4851,0.005746119519984715
4852,0.07666642699011375
4853,0.46291194877210373
4854,0.31915622885209516
4855,0.005964378349577454
4856,0.07319961352327928
4857,0.3140103723201008
4858,0.03691620054920021
4859,0.0529453567649916
4860,0.11075484963850092
4861,0.06359412331272991
4862,0.05217644980423576
4863,0.04724394516434405
4864,0.06034975890527244
4865,0.13766983733877378
4866,0.41113585756396626
4867,0.03849645377076331
4868,0.01695730782780871
4869,0.08094528261752744
4870,0.0036657218985988987
4871,0.009227196355473992
4872,0.4387275999281179
4873,0.022292394335858667
4874,0.07071284978807271
4875,0.04383735045387829
4876,0.4291385151123695
4877,0.35969940845910947
4878,0.07307517048513856
4879,0.07824552710739491
4880,0.1054905048052649
4881,0.056983497458033223
4882,0.05867135303361215
4883,0.5334637744353343
4884,0.14601051588943584
4885,0.05061378411414463
4886,0.39567671856701997
4887,0.05348897229836349
4888,0.20934485118167545
4889,0.07493591631052234
4890,0.17643322224180147
4891,0.006549335892223618
4892,0.05491094667821647
4893,0.029555322949673144
4894,0.06962932471147884
4895,0.0025314208556666946
4896,0.03896829583499818
4897,0.06632846244076215
4898,0.3419646158179586
4899,0.053079425918718386
4900,0.0549169453404139
4901,0.7926636623674872
4902,0.18170700276437735
4903,0.2764202150894491
4904,0.4441237111168017
4905,0.09215235013593817
4906,0.320693634618916
4907,0.05613242266501247
4908,0.1455657401527053
4909,0.16683549584875496
4910,0.06582232240638004
4911,0.18628162086248864
4912,0.08057038859979074
4913,0.06178621040046366
4914,0.06665998839910799
4915,0.07526769773944146
4916,0.8286307311419386
4917,0.06235421660418889
4918,0.07358724395746552
4919,0.049713758660707624
4920,0.014483091394760639
4921,0.06405631938993925
4922,0.28314840630469473
4923,0.06050429913694198
4924,0.47274621035769115
4925,0.0790857179307411
4926,0.1265213708566664
4927,0.032454292325427604
4928,0.17083097964743144
4929,0.0029738768103306583
4930,0.08192146372395714
4931,0.16567289745313737
4932,0.36168944806987424
4933,0.8575319545072968
4934,0.47825014285872636
4935,0.15324631739835848
4936,0.06759558213706554
4937,0.07494544493847426
4938,0.38514827898300963
4939,0.05172627054896878
4940,0.9471002492541518
4941,0.13144470491199137
4942,0.06720813198859138
4943,0.22986599923307155
4944,0.8646621546627655
4945,0.3962883823983839
4946,0.03848197789015124
4947,0.0036610811557353886
4948,0.0967465176955727
4949,0.24483577117302152
4950,0.00365512916508421
4951,0.03223477161847273
4952,0.36323747858318284
4953,0.0051678335408690095
4954,0.003635589263793944
4955,0.004027600473786355
4956,0.04642538685924509
4957,0.038010918006169306
4958,0.03557987774378139
4959,0.05105923827992027
4960,0.045383327053849516
4961,0.06853444589827816
4962,0.14761450344449326
4963,0.9498095212487047
4964,0.04671926621041345
4965,0.040440280787478806
4966,0.028526225524195023
4967,0.5802783298731007
4968,0.005411101891575749
4969,0.4636243293444381
4970,0.034122860657676155
4971,0.048754292067567345
4972,0.03605596372102079
4973,0.06189285938790126
4974,0.037771676190105824
4975,0.3724443873529135
4976,0.37060166253804916
4977,0.18717197529057603
4978,0.07013771060191952
4979,0.005680496691014184
4980,0.21092062216672441
4981,0.08835882233572623
4982,0.08271671480540478
4983,0.04816304314970356
4984,0.32401501486646567
4985,0.015138858046106771
4986,0.04030191187039177
4987,0.22025659832939878
4988,0.8836395154889821
4989,0.3033750833051811
4990,0.08415119051852574
4991,0.1620587380710768
4992,0.05366703974191654
4993,0.08805000425046675
4994,0.3854317893034395
4995,0.04945798747730425
4996,0.0687977895127447
4997,0.0031259752172419484
4998,0.32368459982630976
4999,0.5183065415990614
5000,0.09218417625809121
5001,0.48397475502814025
5002,0.15110915838994995
5003,0.07890111169369302
5004,0.062096582645180386
5005,0.20080287284491893
5006,0.06611541549743047
5007,0.073161998251238
5008,0.010647117151298319
5009,0.09607769296227296
5010,0.10905347174463664
5011,0.3791448386753245
5012,0.0464026513800858
5013,0.8910089602136629
5014,0.056012961304954687
5015,0.072318252882889
5016,0.029312790460261584
5017,0.0949835660860107
5018,0.44002564621921714
5019,0.04870899743397368
5020,0.4049994998463909
5021,0.3062919723472565
5022,0.18247361001647996
5023,0.07054144595465418
5024,0.08252346347194298
5025,0.07115875549360363
5026,0.35831678296774866
5027,0.14614073103038688
5028,0.06272015911235784
5029,0.0045460976759864255
5030,0.056043478752331476
5031,0.07267626963908917
5032,0.027968403713487515
5033,0.3273080956607156
5034,0.07580172936424324
5035,0.36518612388351857
5036,0.6449959212685878
5037,0.474549119077533
5038,0.13215242414933773
5039,0.0611893752456447
5040,0.1984314588840585
5041,0.05793933828682357
5042,0.008067346417765969
5043,0.006530067071976002
5044,0.05444489412783497
5045,0.1875398502598558
5046,0.005160233050897709
5047,0.03144089069479581
5048,0.10124732171426877
5049,0.4141771487724497
5050,0.09006737743756396
5051,0.4784408494583162
5052,0.03542047864906164
5053,0.0331700644630997
5054,0.04912345369813352
5055,0.12490593182475664
5056,0.15794686417054413
5057,0.0024137984849874894
5058,0.03976555992241842
5059,0.4252301323186028
5060,0.0071295483050490445
5061,0.002949958957574762
5062,0.05553370002606322
5063,0.06439548238727481
5064,0.016223473264623055
5065,0.07275596000373416
5066,0.05662929173331252
5067,0.4543396143591116
5068,0.11041120401262794
5069,0.4335653272756618
5070,0.14357132993203234
5071,0.38302276035707933
5072,0.04875054834965837
5073,0.05559751583201932
5074,0.09879228244402523
5075,0.38440406771266383
5076,0.40507631943756334
5077,0.07360567791230747
5078,0.07489854424238386
5079,0.06718705639674297
5080,0.02937109141343051
5081,0.065895500327361
5082,0.006634754451683281
5083,0.012938719049229361
5084,0.009133057059426838
5085,0.14435309716996295
5086,0.3678452564974517
5087,0.35629359175152503
5088,0.036762948777145865
5089,0.4939103537452456
5090,0.2362625968400791
5091,0.004445238988118289
5092,0.05455847224217968
5093,0.5055957192148136
5094,0.006878543636138785
5095,0.4517432677254479
5096,0.06886263350521592
5097,0.16640831859974045
5098,0.04792298078920084
5099,0.06760885907381789
5100,0.37739027012573867
5101,0.5183681509756164
5102,0.4673851135311721
5103,0.06860480384174142
5104,0.06577056321864581
5105,0.39420372155687095
5106,0.8726511190328942
5107,0.8132513550228712
5108,0.002350691211360483
5109,0.05772256719804023
5110,0.05045571442908238
5111,0.791762023555554
5112,0.06361633293574653
5113,0.05238211036559775
5114,0.07364294339717914
5115,0.012421228413255006
5116,0.31731999990584303
5117,0.0566523381494901
5118,0.03879619233567174
5119,0.1499313156183392
5120,0.010667254124248985
5121,0.37013397811269405
5122,0.045377882822910345
5123,0.15159903223674945
5124,0.292940073524961
5125,0.035078329424463574
5126,0.14835877013223936
5127,0.80697192950324
5128,0.6886775836870918
5129,0.025442762949649544
5130,0.06259393380889255
5131,0.048024773023670676
5132,0.052012820052428056
5133,0.34472331074130524
5134,0.05545629984701132
5135,0.3889043274863118
5136,0.05350526920998553
5137,0.0025313929520191895
5138,0.05145109360465779
5139,0.2335323008517156
5140,0.3248029916090019
5141,0.19944056050051345
5142,0.4603166175363271
5143,0.04824758168893879
5144,0.2517123829812509
5145,0.6041804417056237
5146,0.2434334619690125
5147,0.013081019326007899
5148,0.021046782402374516
5149,0.4094032457473804
5150,0.07393993125758117
5151,0.3875841178322532
5152,0.16512827952095702
5153,0.0679899297079446
5154,0.17725184687249224
5155,0.20679976629981633
5156,0.4758218450433347
5157,0.03399672220243556
5158,0.4870035905677032
5159,0.3957159867456966
5160,0.14957661374853523
5161,0.05398969284747833
5162,0.853592445218864
5163,0.3604640543066815
5164,0.22962985070383848
5165,0.2304589472133035
5166,0.23461875258154513
5167,0.03202237753840438
5168,0.1663679778702057
5169,0.04947230846289937
5170,0.06692894273787443
5171,0.4055785961187163
5172,0.0036409634154528363
5173,0.9310133934576728
5174,0.01851391346552837
5175,0.47386855275925993
5176,0.004781678451957328
5177,0.07012215437688638
5178,0.07075856881314244
5179,0.19407276604255838
5180,0.1814964065207666
5181,0.05563159655539079
5182,0.053162966279988455
5183,0.0015163807729184882
5184,0.4212385319089329
5185,0.2751076517158908
5186,0.055344736493612386
5187,0.005803646889411899
5188,0.027487497310300202
5189,0.05533359174135214
5190,0.11751641298751425
5191,0.1523883767774407
5192,0.10028457829943112
5193,0.06595130671505922
5194,0.40127934191350423
5195,0.17103119662567792
5196,0.05608830606055435
5197,0.050662999651543895
5198,0.02969855158268163
5199,0.11424808213909725
5200,0.7431868849938449
5201,0.06591694315883113
5202,0.38761868446002284
5203,0.5567242163697682
5204,0.16108936821522682
5205,0.7805960773404267
5206,0.04857958784237003
5207,0.2767320794560658
5208,0.021887073688220286
5209,0.8574028157442513
5210,0.34459849303215606
5211,0.32393594192607617
5212,0.1732000181007966
5213,0.004759213637836864
5214,0.8171745189322837
5215,0.10401057159062876
5216,0.46271116018170744
5217,0.0048145171096813264
5218,0.24045190935882346
5219,0.007907498034896923
5220,0.008791501232500453
5221,0.09040315866549291
5222,0.25826646183747193
5223,0.008185397424313196
5224,0.014622595742887802
5225,0.060424175787624476
5226,0.23077791502519612
5227,0.20738181433432115
5228,0.13479447810384193
5229,0.09048066746071738
5230,0.31065219136576405
5231,0.026732952727024112
5232,0.22322951849011521
5233,0.022533474255058812
5234,0.39567162360874597
5235,0.1545241272226096
5236,0.8427296106227488
5237,0.0074685714461686405
5238,0.8304859240518894
5239,0.3507557650439072
5240,0.49555625912928
5241,0.09553496947955602
5242,0.01020854459128528
5243,0.28841427622987464
5244,0.037580091293262834
5245,0.11069470104011414
5246,0.4171887273741327
5247,0.00914373067740893
5248,0.06685982241404252
5249,0.02660296719941823
5250,0.006991719520391408
5251,0.0646023519596471
5252,0.0429371634838817
5253,0.28167841118648457
5254,0.09520529136553522
5255,0.0026123127572730397
5256,0.03137064797254508
5257,0.045399535509700606
5258,0.5925832087631484
5259,0.32688879556296097
5260,0.12773608170485787
5261,0.057929019702508876
5262,0.43101507994935184
5263,0.3733504851743652
5264,0.2111827823061542
5265,0.5848516530126381
5266,0.6679628452448031
5267,0.34888801419960314
5268,0.05291881185995526
5269,0.05940890736590486
5270,0.24184014871764012
5271,0.15437924746963672
5272,0.09829512503871904
5273,0.31417899764718166
5274,0.07260272906884212
5275,0.3961676693358643
5276,0.3761044399040454
5277,0.4456066020094617
5278,0.06601680288859747
5279,0.03525989421805827
5280,0.4404805798286322
5281,0.8956971149855261
5282,0.17976484472279383
5283,0.0639082919630109
5284,0.46505752626855335
5285,0.1824657207285814
5286,0.4125907708474469
5287,0.007354209265819335
5288,0.005148571450182057
5289,0.052262647841907206
5290,0.0054061919341690245
5291,0.03127574341340707
5292,0.06682431864634669
5293,0.05010461711373225
5294,0.03727474112897156
5295,0.055325443865712295
5296,0.9523572953312687
5297,0.7691046227662489
5298,0.49107808946054227
5299,0.39074360873898445
5300,0.06069652611978653
5301,0.00569207504996465
5302,0.06281847131153231
5303,0.004143387842916179
5304,0.047920983798113284
5305,0.09994409263701536
5306,0.03888562193820111
5307,0.35282430953776767
5308,0.034679225629399076
5309,0.023136202581575473
5310,0.04449117392976878
5311,0.35836362583156695
5312,0.08432600144519711
5313,0.0762187777609828
5314,0.06337031913714679
5315,0.025223703484889136
5316,0.40949334521703473
5317,0.04896631432605759
5318,0.013894542748836234
5319,0.09384449859155163
5320,0.05966663818398161
5321,0.16835590370372813
5322,0.06329276666298068
5323,0.5160288455703009
5324,0.03839312986902517
5325,0.07553561411693481
5326,0.38869595428620374
5327,0.008052315298617697
5328,0.1319076187104988
5329,0.2271854279417751
5330,0.7790777590360382
5331,0.039548567185281186
5332,0.07349003580242455
5333,0.005775204446418758
5334,0.06264542838783109
5335,0.04109538250655896
5336,0.3698208458096677
5337,0.04467867476873241
5338,0.004034623989848721
5339,0.019664923409570212
5340,0.023505935036240915
5341,0.05985774707617123
5342,0.051637690235268825
5343,0.557147774883744
5344,0.3779751500442239
5345,0.0423377787102045
5346,0.14699962401753702
5347,0.17427339059889957
5348,0.055761943887805386
5349,0.14624715026322052
5350,0.08880978208591671
5351,0.024688530023001802
5352,0.1422864268125192
5353,0.6384044633877677
5354,0.559801913224116
5355,0.0748607735081947
5356,0.19455774955247865
5357,0.049412593824810405
5358,0.34500707877502085
5359,0.05053534877533595
5360,0.13326677156427075
5361,0.0051546330046212
5362,0.06295658311060855
5363,0.087564630697767
5364,0.006136317546410075
5365,0.3232323015085241
5366,0.21043643372195733
5367,0.06435927435309632
5368,0.23971805301253576
5369,0.881714795220401
5370,0.04160335930618287
5371,0.480075860476531
5372,0.07421639559425881
5373,0.06962856855556117
5374,0.06183909105360769
5375,0.02708789942120951
5376,0.02911238021584819
5377,0.4479851859874743
5378,0.05106425012429948
5379,0.30532878942942576
5380,0.9416424160325076
5381,0.42834733708551126
5382,0.04261339884690823
5383,0.013668678437018928
5384,0.051524833599951976
5385,0.5295532821503102
5386,0.007257522122764768
5387,0.07993310610882452
5388,0.4552373941706788
5389,0.22594077447475328
5390,0.20111107053014024
5391,0.1858001621518727
5392,0.79993392990072
5393,0.03915383203185307
5394,0.18150365685264624
5395,0.8028906492500637
5396,0.004464269360396982
5397,0.0680676634353107
5398,0.05288597836745586
5399,0.15321611283841938
5400,0.007280493083095332
5401,0.015138759871480703
5402,0.0070888049772479655
5403,0.06028319637231371
5404,0.4162463446187005
5405,0.03865405042865317
5406,0.05881231159579182
5407,0.0696892995114903
5408,0.16939592918589805
5409,0.12043958686497705
5410,0.4482901807711965
5411,0.00978228115407758
5412,0.0974660095782385
5413,0.05779344656063046
5414,0.035565635938370144
5415,0.0374916408725267
5416,0.007693793498108165
5417,0.32171967389879363
5418,0.0052549494807341895
5419,0.19426985935619706
5420,0.02783936085752361
5421,0.1745248207063955
5422,0.03720049305407603
5423,0.0034117748702507207
5424,0.051793460769207766
5425,0.8875039043188139
5426,0.05243209260640165
5427,0.41569920903845464
5428,0.4681191791506624
5429,0.2648968681165904
5430,0.47472703191563087
5431,0.0077930858808002035
5432,0.06379297827048055
5433,0.5278430274193432
5434,0.7726746550849308
5435,0.21314240826101366
5436,0.008033859881122839
5437,0.8838077117031121
5438,0.6901110227058052
5439,0.10591082846144205
5440,0.10776281406453575
5441,0.19603870778021185
5442,0.009940362243570245
5443,0.10052147053937577
5444,0.02606679029687304
5445,0.07310409834765189
5446,0.07155549740517272
5447,0.044985795867971315
5448,0.06572094368102292
5449,0.950477215375731
5450,0.13267828221206593
5451,0.03946417717790728
5452,0.44255958751254826
5453,0.008713609374224688
5454,0.4447498655336366
5455,0.2269201909974349
5456,0.0696908660739386
5457,0.07762883314883862
5458,0.10480722865302115
5459,0.3994570975293856
5460,0.06140118014072712
5461,0.07383515704139318
5462,0.0711480082016186
5463,0.05382127593079373
5464,0.6041600571251013
5465,0.04774109081887471
5466,0.08625238661904788
5467,0.45924001179339746
5468,0.05920316199278488
5469,0.32004937756638174
5470,0.7190827359627663
5471,0.04770698705520471
5472,0.4141890249655725
5473,0.07589683081781365
5474,0.002465293869319064
5475,0.16178197288430202
5476,0.3502944933296459
5477,0.06612254522262334
5478,0.03509952791788775
5479,0.004534661833535411
5480,0.026300481317147007
5481,0.04471845382165451
5482,0.0668996239157729
5483,0.017361364398634033
5484,0.3224900110623118
5485,0.054404432770736345
5486,0.06678697775305112
5487,0.3585296142540635
5488,0.15843398304423256
5489,0.004857112885804487
5490,0.1838648095706998
5491,0.33367508760882714
5492,0.5150956548574399
5493,0.042648870732958186
5494,0.3016616297343341
5495,0.03369445715731568
5496,0.04842393736441765
5497,0.054515398899782845
5498,0.4041028101436546
5499,0.07387026666850484
5500,0.568685233650695
5501,0.06653683584407823
5502,0.08181213878745715
5503,0.33690724733086685
5504,0.07008475740290006
5505,0.351040115651698
5506,0.48933271788334454
5507,0.20534718915666386
5508,0.043136287914384126
5509,0.04214248814166906
5510,0.035592532129845894
5511,0.15738913253622958
5512,0.08518815367996292
5513,0.05970133790752401
5514,0.04491877973643068
5515,0.0034979163878179533
5516,0.1519760296540734
5517,0.08937453208037287
5518,0.4343960652995775
5519,0.08067635314153096
5520,0.055262305647993636
5521,0.04518026993779041
5522,0.005037374217486481
5523,0.04467183227148646
5524,0.004575578393700227
5525,0.7965055856371878
5526,0.06054099898035326
5527,0.17266522620683467
5528,0.1468595259331992
5529,0.3357818768059603
5530,0.05683387589103936
5531,0.4353518073240099
5532,0.051945347644401244
5533,0.9765291095925385
5534,0.7114053865239285
5535,0.4805151890432596
5536,0.30614364399483324
5537,0.378482207319568
5538,0.3128906655623787
5539,0.05568034201165244
5540,0.042106457652535616
5541,0.307139820026762
5542,0.04785970126657432
5543,0.35344059150638674
5544,0.04086895458706093
5545,0.10467364141904277
5546,0.39790197838719793
5547,0.4576174697887106
5548,0.19951487709057425
5549,0.0037009325674001374
5550,0.06312708155883183
5551,0.024518793175341454
5552,0.3621047168898404
5553,0.027609357025243912
5554,0.05592911413847279
5555,0.05507662741713591
5556,0.06826652716323538
5557,0.4306565407673009
5558,0.0046261123669203335
5559,0.08020669995204059
5560,0.26949275315078675
5561,0.04188983893818272
5562,0.40960600114689644
5563,0.43740807182981
5564,0.3618404061362078
5565,0.16449684534791462
5566,0.03203467550378049
5567,0.07857321312064731
5568,0.17767927300482575
5569,0.04256451209467759
5570,0.05948920829945934
5571,0.005237096449143268
5572,0.34323996826075986
5573,0.32040126937358687
5574,0.05297367794151435
5575,0.5294661671307549
5576,0.04403823422655982
5577,0.028683730564690122
5578,0.15009017294190236
5579,0.002919937715107784
5580,0.22381970920869906
5581,0.21963959155336313
5582,0.0962010494328036
5583,0.07671643338503244
5584,0.03838382136520184
5585,0.4438158448255518
5586,0.028306920540496702
5587,0.3386916297523037
5588,0.05553723926364181
5589,0.00640015080289098
5590,0.33198291860777185
5591,0.38004549392628434
5592,0.4603659039230034
5593,0.07834283766744947
5594,0.9444681009323437
5595,0.06774687434842251
5596,0.1631686676455832
5597,0.030803142090553643
5598,0.03066604908199943
5599,0.0927055145972876
5600,0.3546690681864945
5601,0.5638231646753179
5602,0.03964141874801816
5603,0.06138163564671659
5604,0.1720861995534736
5605,0.14687803072365818
5606,0.3291036384720641
5607,0.03246222067872434
5608,0.022566357103180473
5609,0.06854215859491426
5610,0.12283254755139282
5611,0.006442865322559257
5612,0.03608453035526616
5613,0.04433003288557182
5614,0.08954517666470677
5615,0.040770952530534775
5616,0.14808377655691524
5617,0.0018833726972783539
5618,0.12520423117032786
5619,0.06349610716888218
5620,0.027529352713711965
5621,0.06585958466331296
5622,0.36223834144953626
5623,0.03481504655473469
5624,0.05486560944645943
5625,0.053172748526787314
5626,0.05049700971748812
5627,0.053549140881791
5628,0.0551894891786566
5629,0.0476480095934422
5630,0.05281152749635421
5631,0.07708082941792603
5632,0.7637248397320472
5633,0.24657201558853803
5634,0.18759603848245845
5635,0.0017000293683470495
5636,0.08107217008840807
5637,0.028228381240490024
5638,0.057171793396618015
5639,0.042126593938837976
5640,0.16124349536799357
5641,0.4232886307382673
5642,0.02935190316621111
5643,0.31900833115370214
5644,0.18702283704354708
5645,0.10865708176139012
5646,0.06436388437245585
5647,0.08916581670760838
5648,0.5188468029133407
5649,0.044419317936182125
5650,0.1648697247257879
5651,0.15228634985403913
5652,0.3355075453716083
5653,0.6386023530059246
5654,0.05381816355075297
5655,0.014212583038026944
5656,0.4221270954882193
5657,0.4700697279559577
5658,0.0979567367102403
5659,0.058634518070189226
5660,0.6892311730101676
5661,0.08158097638852994
5662,0.530073072981283
5663,0.004250727762538383
5664,0.030215699709157322
5665,0.007640674524663987
5666,0.06904693058183935
5667,0.20851651316059885
5668,0.38717928972363863
5669,0.0027406039885815576
5670,0.4212750314263155
5671,0.10902047774438987
5672,0.05027514132911378
5673,0.00430866447233512
5674,0.031602903930869494
5675,0.10637081981645788
5676,0.025778182995548564
5677,0.0768475261431845
5678,0.41773036003945724
5679,0.05572213051441917
5680,0.16245979182627737
5681,0.32433597708629003
5682,0.05950952208135105
5683,0.005996169874298002
5684,0.006236883721057083
5685,0.05509133761947537
5686,0.3318217039536287
5687,0.05213085039466013
5688,0.18304068182235636
5689,0.006429354848040529
5690,0.05817321633197988
5691,0.9412582053560987
5692,0.07448021487225132
5693,0.3679539513294259
5694,0.34648512204249066
5695,0.0323342531041691
5696,0.377344535900079
5697,0.16598621515342998
5698,0.012124810819273383
5699,0.06340983747864923
5700,0.33887175028113414
5701,0.04675422040397344
5702,0.048545170912145615
5703,0.07466484888189853
5704,0.1507652135411472
5705,0.059384382217557596
5706,0.04945987834514398
5707,0.6768800163201634
5708,0.006459806791487643
5709,0.05146605130809106
5710,0.7471210532069534
5711,0.07635339969413002
5712,0.25727462151012986
5713,0.08831073792184414
5714,0.21487976254461816
5715,0.9421771691040991
5716,0.037186837150744584
5717,0.3885748440255858
5718,0.37350451538720764
5719,0.23302075766229208
5720,0.091781306206622
5721,0.2792432507698359
5722,0.39266215532837195
5723,0.40846232044818026
5724,0.04883716430238504
5725,0.006131821729228492
5726,0.07194692967197165
5727,0.24138593487073923
5728,0.16807332781072015
5729,0.7731366925792313
5730,0.1517054347515158
5731,0.3268809894914998
5732,0.041700486958876355
5733,0.04916219956657829
5734,0.27845329408111535
5735,0.06243763256790867
5736,0.042812143493508314
5737,0.460133299940642
5738,0.06241162865328999
5739,0.039024312855655725
5740,0.28829007596817285
5741,0.5522356236453249
5742,0.0025809395387717832
5743,0.34035416912005734
5744,0.006792271075014582
5745,0.05063539554426953
5746,0.07391517469267433
5747,0.04564965237569672
5748,0.03316810330811169
5749,0.15746428205797353
5750,0.4771684925679932
5751,0.08085023791019522
5752,0.14003516119516188
5753,0.0061242889390178004
5754,0.03545772360740395
5755,0.35094213954216835
5756,0.4548681766585778
5757,0.03171303516941996
5758,0.03346403408823453
5759,0.5328964696491713
5760,0.0711009695357692
5761,0.17348078111457432
5762,0.03654492121740392
5763,0.008608596358962356
5764,0.3387365623346723
5765,0.0061940722381349286
5766,0.05622607404080693
5767,0.05858685497621123
5768,0.001997898259069752
5769,0.41050460362901087
5770,0.048337627230830287
5771,0.04621844507567828
5772,0.006727474722271603
5773,0.036097366775464754
5774,0.44776328026111195
5775,0.05718648178453222
5776,0.9484913425573503
5777,0.18863042336923241
5778,0.07352450289762825
5779,0.06385817910653639
5780,0.6177902513522633
5781,0.07206983937104518
5782,0.028844845239486015
5783,0.06903993261585849
5784,0.15371284508660818
5785,0.007174512066147128
5786,0.0658591864962332
5787,0.0732462934639862
5788,0.13017804731660254
5789,0.1529861305531299
5790,0.02184315438899321
5791,0.40066803115434246
5792,0.28561626880951635
5793,0.0364025649340401
5794,0.04993928539797434
5795,0.20177246923366585
5796,0.0028498853551369727
5797,0.30002871523687846
5798,0.07484616636675943
5799,0.040253614486600434
5800,0.051108065362547715
5801,0.03094726145142711
5802,0.007526198025234611
5803,0.056096009063729205
5804,0.125088697963471
5805,0.22320728034513676
5806,0.4400286694552614
5807,0.008741728036780364
5808,0.17588914350962184
5809,0.16624925772977295
5810,0.06882852368102682
5811,0.07150195551829903
5812,0.0776439344103563
5813,0.0739068710663528
5814,0.07686383600532284
5815,0.5819664546952568
5816,0.9426214386471771
5817,0.05595267394583767
5818,0.5460744690612488
5819,0.004690333516702326
5820,0.08856882712677032
5821,0.4380029436219752
5822,0.13854975533174757
5823,0.2760391736085703
5824,0.36121343372217546
5825,0.3562241777670612
5826,0.18246599743224667
5827,0.21480429014320293
5828,0.20507424246405764
5829,0.004454929235751192
5830,0.34200616332807865
5831,0.12898655724859545
5832,0.05404417579976926
5833,0.003614435536640392
5834,0.05448728912716513
5835,0.054016844752309216
5836,0.18734496735697218
5837,0.14171568605544432
5838,0.01245511581522874
5839,0.005038506483557658
5840,0.41659480911638
5841,0.8543712678857721
5842,0.0773830615415265
5843,0.045333513768763094
5844,0.17374923835967004
5845,0.05088677044377919
5846,0.05051197026020341
5847,0.19833643232963227
5848,0.4036751719308054
5849,0.34956786204791235
5850,0.1147381813222229
5851,0.061645492403342154
5852,0.004672513380432987
5853,0.03578644309043892
5854,0.04950026808404527
5855,0.07514408508183998
5856,0.1430582424531674
5857,0.05706871332119114
5858,0.038674736750439885
5859,0.01850527330819938
5860,0.0509564634225901
5861,0.12669959720610474
5862,0.03279377974154485
5863,0.018612659801122186
5864,0.03570852265999023
5865,0.060847373611242345
5866,0.09298269409927051
5867,0.3736830732764465
5868,0.05722954362642429
5869,0.0017366867951039958
5870,0.055117698820477595
5871,0.06677736900894704
5872,0.06005243562322167
5873,0.03386887262034764
5874,0.07899333498046181
5875,0.0738264833803694
5876,0.006519851689593796
5877,0.17220081260404024
5878,0.6711780642015018
5879,0.049219938938806704
5880,0.06781127243300694
5881,0.6620842125838841
5882,0.06824131582544597
5883,0.06482403952640403
5884,0.06055664515638564
5885,0.1301081025533129
5886,0.104391364605346
5887,0.06203194672235561
5888,0.010385655285507443
5889,0.4447476303798981
5890,0.1700670116392075
5891,0.3783884325646902
5892,0.055495577973511095
5893,0.49544156336086304
5894,0.3607749755004425
5895,0.14519412523277528
5896,0.007699361987047292
5897,0.3764537433759311
5898,0.008312140714041696
5899,0.14789462385364324
5900,0.06225050574892764
5901,0.2752375815445173
5902,0.3757254148995149
5903,0.08278874865545954
5904,0.5377847270050062
5905,0.6198481033990703
5906,0.18236464431155885
5907,0.07862379189760689
5908,0.14869880946041444
5909,0.020588962302724126
5910,0.042071945919573445
5911,0.005208824263343927
5912,0.010231665198022714
5913,0.05048235937939564
5914,0.032625700780866865
5915,0.10183342133126488
5916,0.06754542011806619
5917,0.12426896102964287
5918,0.00874913432879293
5919,0.05703876587043295
5920,0.004850171543709056
5921,0.06157213030289844
5922,0.18156932810318901
5923,0.12083010198848401
5924,0.06357449169419402
5925,0.36423428887616555
5926,0.16702697793267868
5927,0.7966137723629496
5928,0.03771664052750064
5929,0.06034306244763333
5930,0.31650201527027283
5931,0.11371208927061795
5932,0.11309978406519816
5933,0.033973475712060684
5934,0.19800875770986678
5935,0.026923392197501273
5936,0.16956685766786242
5937,0.0559015763031389
5938,0.3432591172311282
5939,0.4227979450195378
5940,0.22079852285171786
5941,0.08145986921546201
5942,0.01652363786166615
5943,0.006018849688110832
5944,0.050936115065455284
5945,0.2586360606799799
5946,0.0040373248997519475
5947,0.2402680591834916
5948,0.5472046348524682
5949,0.088844298494266
5950,0.03709775857773091
5951,0.06387333821383681
5952,0.034817305059195336
5953,0.061255114939904994
5954,0.17469502891348557
5955,0.07200314808200606
5956,0.052775233943074436
5957,0.04032061268389854
5958,0.48380622290368513
5959,0.06571023498200872
5960,0.01812009856272743
5961,0.030330543360610952
5962,0.04411319857198623
5963,0.07210183768070647
5964,0.35546565557096527
5965,0.02429213423513542
5966,0.05667744907500918
5967,0.04280566955446703
5968,0.06975266542997778
5969,0.03327108578429132
5970,0.03850159452940227
5971,0.14207937988804442
5972,0.05796648370102814
5973,0.03854261024179505
5974,0.47024673640037923
5975,0.08423197032124942
5976,0.058803611208579784
5977,0.17851740510285222
5978,0.07839356837060349
5979,0.09642974450815951
5980,0.058539097448761596
5981,0.4056422319929156
5982,0.04570400123140287
5983,0.007096725840985879
5984,0.4418994669397544
5985,0.05200678071119677
5986,0.0585248646930816
5987,0.0056634920384785225
5988,0.05419989950682062
5989,0.1591742145645893
5990,0.007192776787110501
5991,0.46271585133284115
5992,0.01653124180797058
5993,0.05260256987581642
5994,0.10001969088298993
5995,0.35991055466640365
5996,0.07757780700454499
5997,0.030903693544743482
5998,0.4156684187928165
5999,0.047136993287979774
6000,0.015289881111525096
6001,0.028564144317732815
6002,0.09958544374144312
6003,0.1572710519136034
6004,0.17009962982080318
6005,0.4009697800029352
6006,0.658348922960549
6007,0.015804585355501884
6008,0.5357398105763288
6009,0.09148794953532265
6010,0.19493625510684784
6011,0.06924091846349846
6012,0.4265952430491484
6013,0.027258731384502747
6014,0.3562302740364072
6015,0.006775481215421777
6016,0.027004995120435457
6017,0.05621375522816746
6018,0.05016466191691279
6019,0.07539050728194008
6020,0.05483816952831361
6021,0.08052986724592237
6022,0.3789584543241037
6023,0.036778353017133225
6024,0.06898681919871
6025,0.4257624728711869
6026,0.005193823967819149
6027,0.4196823254927697
6028,0.0482132968293944
6029,0.07230636162120596
6030,0.05417322321340419
6031,0.23227329322039914
6032,0.06102970960499032
6033,0.05818345680592685
6034,0.08396072467673711
6035,0.051980089174003236
6036,0.11900754293815133
6037,0.0653963506689562
6038,0.008444892601790098
6039,0.037929777655946496
6040,0.9718982316727285
6041,0.05973932833565141
6042,0.05252977633360609
6043,0.020257678504429555
6044,0.7080833535556178
6045,0.05200686473168858
6046,0.03478545784548224
6047,0.18637110678331087
6048,0.0039146788519470125
6049,0.8867988077190695
6050,0.11823426052368399
6051,0.07618044393342009
6052,0.3820783660209634
6053,0.023278781778063366
6054,0.06908647283052172
6055,0.029531989245812643
6056,0.7671463632937678
6057,0.0678790716752746
6058,0.858371980197517
6059,0.07699227154137557
6060,0.09754774695401434
6061,0.4705010926388591
6062,0.41823156063250966
6063,0.05731466564300714
6064,0.07478518490001364
6065,0.7890879810377932
6066,0.04493702442585128
6067,0.07869433346542479
6068,0.18525211650763018
6069,0.46662494458459963
6070,0.20089859282212705
6071,0.004356945776207558
6072,0.38369303912154173
6073,0.02041968285182399
6074,0.04348188265038023
6075,0.26382337723478777
6076,0.4310522537176265
6077,0.012927709169092914
6078,0.06120029840612423
6079,0.08973897236794871
6080,0.00681723289461276
6081,0.09324771472342039
6082,0.36777995294779076
6083,0.08173343578102035
6084,0.15929699025687702
6085,0.3481999776490467
6086,0.06307088827827775
6087,0.39250435923914073
6088,0.637053450857851
6089,0.041949497631574385
6090,0.11541042392758483
6091,0.4435576019654272
6092,0.07673958374975492
6093,0.09162165024182353
6094,0.43814949531096314
6095,0.33332640410369463
6096,0.008831815080541216
6097,0.03578861514371163
6098,0.11918538277155041
6099,0.13527691026216873
6100,0.9833621992491314
6101,0.008094531511254544
6102,0.9695306893159378
6103,0.05948409000644691
6104,0.1329988116511327
6105,0.24430162878296788
6106,0.31961356304999444
6107,0.18461392837586688
6108,0.31839205731603887
6109,0.9605491707977177
6110,0.06288580318852346
6111,0.46231587808926927
6112,0.05240083799613973
6113,0.18947345871917917
6114,0.0603624977122826
6115,0.10885744155325752
6116,0.210886490871868
6117,0.13319228754303988
6118,0.14508884118507884
6119,0.09497814065727049
6120,0.3804647250028372
6121,0.06430710354145971
6122,0.11000801488449391
6123,0.0029838517958811956
6124,0.36815643132847803
6125,0.048093044024589186
6126,0.6924824414333707
6127,0.0364453109172127
6128,0.047653983211086944
6129,0.010523979823608963
6130,0.06471390568439808
6131,0.03186929792362402
6132,0.06021737280396506
6133,0.10638213961309123
6134,0.0596391410246353
6135,0.07842788404285622
6136,0.0634293152671594
6137,0.20303243785386815
6138,0.035099649322190354
6139,0.07906313074026941
6140,0.24657652360642088
6141,0.06532732679875759
6142,0.23469823200928336
6143,0.9488005636484595
6144,0.02828858675485288
6145,0.013052191286469266
6146,0.20968928584983323
6147,0.00864829986411623
6148,0.004990099523874174
6149,0.030934101965789964
6150,0.0716414742171003
6151,0.057346171450430264
6152,0.8720672731347521
6153,0.17342871068400692
6154,0.059037842052501656
6155,0.207130414868529
6156,0.06167116556352214
6157,0.05323846444737128
6158,0.04190006226345551
6159,0.04411655742433591
6160,0.03370847844023918
6161,0.3492608922366177
6162,0.2927372365242462
6163,0.10911841093221303
6164,0.0652701752922544
6165,0.05254422350107049
6166,0.16907919172473676
6167,0.0022325907317004546
6168,0.7875514989933776
6169,0.0312369440212008
6170,0.2121599192234304
6171,0.0581190740597963
6172,0.06801477294094097
6173,0.04255468058409337
6174,0.10645586097303014
6175,0.0512108003324695
6176,0.2240200382387115
6177,0.35867047068121033
6178,0.3929146051038306
6179,0.06993901200277179
6180,0.09523007558743055
6181,0.5666316191147512
6182,0.4859415040255549
6183,0.6092658908829014
6184,0.1255991981435485
6185,0.09096264557093697
6186,0.07254422589659958
6187,0.04904935206308857
6188,0.37532880518263473
6189,0.323507140920606
6190,0.12189920383843524
6191,0.04048843230862781
6192,0.27116267875943617
6193,0.032463276654324524
6194,0.289399491929548
6195,0.049199420908512044
6196,0.035645527503600685
6197,0.036965596823040014
6198,0.16711025468866605
6199,0.35234581022414024
6200,0.9472187804543505
6201,0.4155196358482258
6202,0.538826218382016
6203,0.17174158153005462
6204,0.02706955789185059
6205,0.005372013068459419
6206,0.050800846846157585
6207,0.03589236117760449
